line_length,word_count,verb_percentage,adj_percentage,stopword_percentage,punctuation_percentage,number_percentage,proper_noun_percentage,Award,Bullet,Certification,Contact,Date,Degree,Heading,Interest,Location,Name,Organization,Skill,Summary,Title,Training,Unknown,Volunteer
13,2,0.0,0.0,0.0,0.0,0.0,100.0,0,0,0,0,0,0,0,0,0,1,0,0,0,0,0,0,0
57,7,0.0,7.7,0.0,10.5,23.1,30.8,0,0,0,1,0,0,0,0,0,0,0,0,0,0,0,0,0
698,104,4.1000000000000005,4.1000000000000005,4.9,2.7,2.5,12.3,0,0,0,0,0,0,0,0,0,0,0,0,1,0,0,0,0
22,2,0.0,50.0,0.0,0.0,0.0,0.0,0,0,0,0,0,0,1,0,0,0,0,0,0,0,0,0,0
67,9,10.0,0.0,1.5,3.0,20.0,40.0,0,0,0,0,0,0,0,0,0,0,0,0,0,0,0,1,0
476,66,6.6000000000000005,5.3,3.4000000000000004,2.5,1.3,17.1,0,1,0,0,0,0,0,0,0,0,0,0,0,0,0,0,0
413,69,2.6,9.1,5.3,1.9,1.3,16.900000000000002,0,1,0,0,0,0,0,0,0,0,0,0,0,0,0,0,0
305,42,7.8,0.0,3.0,3.0,0.0,2.0,0,1,0,0,0,0,0,0,0,0,0,0,0,0,0,0,0
355,56,11.700000000000001,11.700000000000001,5.1,1.0999999999999999,0.0,21.7,0,1,0,0,0,0,0,0,0,0,0,0,0,0,0,0,0
43,7,14.299999999999999,0.0,2.3,0.0,14.299999999999999,57.099999999999994,0,0,0,0,0,0,0,0,0,0,0,0,0,0,0,1,0
279,42,2.1,6.4,3.5999999999999996,1.7999999999999998,0.0,25.5,0,1,0,0,0,0,0,0,0,0,0,0,0,0,0,0,0
252,42,8.7,10.9,5.2,1.6,2.1999999999999997,26.1,0,1,0,0,0,0,0,0,0,0,0,0,0,0,0,0,0
300,47,11.3,7.5,5.0,2.7,0.0,15.1,0,1,0,0,0,0,0,0,0,0,0,0,0,0,0,0,0
105,15,11.1,5.6000000000000005,1.9,2.9000000000000004,0.0,0.0,0,1,0,0,0,0,0,0,0,0,0,0,0,0,0,0,0
43,8,0.0,0.0,2.3,0.0,25.0,50.0,0,0,0,0,0,0,0,0,0,0,0,0,0,0,0,1,0
332,53,13.8,5.2,4.8,1.2,0.0,13.8,0,1,0,0,0,0,0,0,0,0,0,0,0,0,0,0,0
276,41,13.600000000000001,4.5,4.3,1.0999999999999999,0.0,9.1,0,1,0,0,0,0,0,0,0,0,0,0,0,0,0,0,0
124,19,0.0,0.0,4.8,4.0,0.0,33.300000000000004,0,1,0,0,0,0,0,0,0,0,0,0,0,0,0,0,0
271,49,8.6,6.9,5.5,3.3000000000000003,1.7000000000000002,10.299999999999999,0,1,0,0,0,0,0,0,0,0,0,0,0,0,0,0,0
43,8,0.0,0.0,2.3,0.0,25.0,50.0,0,0,0,0,0,0,0,0,0,0,0,0,0,0,0,1,0
427,62,7.1,8.6,2.6,3.0,2.9000000000000004,32.9,0,1,0,0,0,0,0,0,0,0,0,0,0,0,0,0,0
155,24,7.3999999999999995,7.3999999999999995,3.9,1.9,0.0,3.6999999999999997,0,1,0,0,0,0,0,0,0,0,0,0,0,0,0,0,0
224,33,5.0,2.5,2.7,3.1,0.0,30.0,0,1,0,0,0,0,0,0,0,0,0,0,0,0,0,0,0
389,59,15.6,4.7,4.1000000000000005,1.3,0.0,10.9,0,1,0,0,0,0,0,0,0,0,0,0,0,0,0,0,0
51,9,0.0,0.0,0.0,2.0,18.2,72.7,0,0,0,0,0,0,0,0,0,0,0,0,0,0,0,1,0
259,37,9.3,2.3,3.9,2.3,0.0,14.000000000000002,0,1,0,0,0,0,0,0,0,0,0,0,0,0,0,0,0
259,38,11.899999999999999,4.8,3.5000000000000004,1.5,2.4,19.0,0,1,0,0,0,0,0,0,0,0,0,0,0,0,0,0,0
258,41,8.9,6.7,3.9,1.6,0.0,4.3999999999999995,0,1,0,0,0,0,0,0,0,0,0,0,0,0,0,0,0
385,63,14.499999999999998,2.9000000000000004,4.9,1.6,0.0,1.4000000000000001,0,1,0,0,0,0,0,0,0,0,0,0,0,0,0,0,0
56,9,0.0,0.0,0.0,1.7999999999999998,18.2,72.7,0,0,0,0,0,0,0,0,0,0,0,0,0,0,0,1,0
405,67,9.700000000000001,4.2,4.3999999999999995,0.7000000000000001,0.0,26.400000000000002,0,1,0,0,0,0,0,0,0,0,0,0,0,0,0,0,0
218,34,8.3,13.900000000000002,4.1000000000000005,0.8999999999999999,0.0,5.6000000000000005,0,1,0,0,0,0,0,0,0,0,0,0,0,0,0,0,0
135,23,15.4,0.0,3.6999999999999997,2.1999999999999997,0.0,19.2,0,1,0,0,0,0,0,0,0,0,0,0,0,0,0,0,0
454,80,11.5,8.0,4.6,1.7999999999999998,1.0999999999999999,14.899999999999999,0,1,0,0,0,0,0,0,0,0,0,0,0,0,0,0,0
9,1,0.0,0.0,0.0,0.0,0.0,0.0,0,0,0,0,0,0,1,0,0,0,0,0,0,0,0,0,0
52,7,0.0,0.0,0.0,7.7,0.0,63.6,0,0,0,0,0,0,0,0,0,0,0,0,0,0,0,1,0
40,6,0.0,0.0,5.0,0.0,0.0,50.0,0,0,0,0,0,1,0,0,0,0,0,0,0,0,0,0,0
64,8,0.0,0.0,0.0,3.1,0.0,87.5,0,0,0,0,0,0,0,0,0,0,0,0,0,0,0,1,0
14,1,0.0,0.0,0.0,0.0,0.0,0.0,0,0,0,0,0,0,1,0,0,0,0,0,0,0,0,0,0
37,4,0.0,25.0,0.0,0.0,0.0,75.0,0,0,1,0,0,0,0,0,0,0,0,0,0,0,0,0,0
48,9,0.0,8.3,0.0,6.2,0.0,58.3,0,0,1,0,0,0,0,0,0,0,0,0,0,0,0,0,0
27,4,0.0,25.0,0.0,0.0,0.0,75.0,0,0,1,0,0,0,0,0,0,0,0,0,0,0,0,0,0
48,9,0.0,0.0,2.1,8.3,0.0,53.800000000000004,0,0,1,0,0,0,0,0,0,0,0,0,0,0,0,0,0
50,1,0.0,33.300000000000004,0.0,18.0,0.0,0.0,0,0,0,0,0,0,0,0,0,0,0,0,0,0,0,1,0
15,2,0.0,0.0,0.0,0.0,0.0,100.0,0,0,0,0,0,0,0,0,0,1,0,0,0,0,0,0,0
19,2,0.0,0.0,0.0,0.0,0.0,100.0,0,0,0,0,0,0,1,0,0,0,0,0,0,0,0,0,0
411,61,8.799999999999999,16.2,3.9,1.7000000000000002,2.9000000000000004,19.1,0,0,0,0,0,0,0,0,0,0,0,0,1,0,0,0,0
24,3,0.0,33.300000000000004,0.0,0.0,0.0,66.7,0,0,0,0,0,0,0,0,0,0,0,1,0,0,0,0,0
15,3,0.0,0.0,0.0,0.0,0.0,66.7,0,0,0,0,0,0,0,0,0,0,0,1,0,0,0,0,0
19,3,0.0,33.300000000000004,0.0,0.0,0.0,33.300000000000004,0,0,0,0,0,0,0,0,0,0,0,1,0,0,0,0,0
23,4,0.0,25.0,4.3,0.0,0.0,50.0,0,0,0,0,0,0,0,0,0,0,0,1,0,0,0,0,0
18,3,0.0,0.0,0.0,0.0,0.0,66.7,0,0,0,0,0,0,0,0,0,0,0,1,0,0,0,0,0
31,4,0.0,0.0,0.0,0.0,0.0,75.0,0,0,0,0,0,0,0,0,0,0,0,1,0,0,0,0,0
19,3,0.0,33.300000000000004,0.0,0.0,0.0,33.300000000000004,0,0,0,0,0,0,0,0,0,0,0,1,0,0,0,0,0
23,3,0.0,33.300000000000004,0.0,0.0,0.0,33.300000000000004,0,0,0,0,0,0,0,0,0,0,0,1,0,0,0,0,0
22,2,0.0,0.0,0.0,0.0,0.0,100.0,0,0,0,0,0,0,1,0,0,0,0,0,0,0,0,0,0
161,25,7.7,19.2,4.3,0.6,0.0,15.4,0,1,0,0,0,0,0,0,0,0,0,0,0,0,0,0,0
241,35,13.5,13.5,3.3000000000000003,1.2,0.0,2.7,0,1,0,0,0,0,0,0,0,0,0,0,0,0,0,0,0
153,21,0.0,16.7,0.7000000000000001,2.6,0.0,12.5,0,1,0,0,0,0,0,0,0,0,0,0,0,0,0,0,0
149,21,3.6999999999999997,3.6999999999999997,2.7,4.0,0.0,3.6999999999999997,0,1,0,0,0,0,0,0,0,0,0,0,0,0,0,0,0
97,15,0.0,12.5,4.1000000000000005,1.0,0.0,6.2,0,1,0,0,0,0,0,0,0,0,0,0,0,0,0,0,0
157,25,3.5999999999999996,21.4,4.5,2.5,0.0,3.5999999999999996,0,1,0,0,0,0,0,0,0,0,0,0,0,0,0,0,0
145,19,8.7,30.4,2.8000000000000003,4.8,0.0,4.3,0,1,0,0,0,0,0,0,0,0,0,0,0,0,0,0,0
84,14,6.7,26.700000000000003,3.5999999999999996,1.2,0.0,13.3,0,1,0,0,0,0,0,0,0,0,0,0,0,0,0,0,0
42,5,0.0,0.0,2.4,0.0,0.0,80.0,0,0,0,0,0,0,0,0,0,0,0,0,0,1,0,0,0
91,15,0.0,5.3,2.1999999999999997,4.3999999999999995,0.0,5.3,0,1,0,0,0,0,0,0,0,0,0,0,0,0,0,0,0
118,19,8.7,13.0,3.4000000000000004,3.4000000000000004,0.0,0.0,0,1,0,0,0,0,0,0,0,0,0,0,0,0,0,0,0
96,15,5.8999999999999995,0.0,5.2,2.1,0.0,0.0,0,1,0,0,0,0,0,0,0,0,0,0,0,0,0,0,0
73,16,6.2,6.2,6.800000000000001,0.0,0.0,0.0,0,1,0,0,0,0,0,0,0,0,0,0,0,0,0,0,0
184,31,8.799999999999999,11.799999999999999,4.3,2.7,0.0,17.599999999999998,0,1,0,0,0,0,0,0,0,0,0,0,0,0,0,0,0
183,34,7.9,5.3,4.9,2.1999999999999997,0.0,15.8,0,1,0,0,0,0,0,0,0,0,0,0,0,0,0,0,0
126,23,20.0,8.0,4.8,1.6,0.0,12.0,0,1,0,0,0,0,0,0,0,0,0,0,0,0,0,0,0
99,19,10.0,10.0,7.1,1.0,0.0,10.0,0,1,0,0,0,0,0,0,0,0,0,0,0,0,0,0,0
39,3,0.0,0.0,0.0,2.6,0.0,100.0,0,0,0,0,0,0,0,0,0,0,0,0,0,1,0,0,0
92,15,20.0,6.7,5.4,0.0,0.0,0.0,0,1,0,0,0,0,0,0,0,0,0,0,0,0,0,0,0
192,27,14.7,2.9000000000000004,2.1,4.7,2.9000000000000004,11.799999999999999,0,1,0,0,0,0,0,0,0,0,0,0,0,0,0,0,0
136,24,12.0,8.0,6.6000000000000005,0.7000000000000001,0.0,12.0,0,1,0,0,0,0,0,0,0,0,0,0,0,0,0,0,0
128,23,7.3999999999999995,0.0,4.7,3.1,0.0,37.0,0,1,0,0,0,0,0,0,0,0,0,0,0,0,0,0,0
65,13,15.4,0.0,4.6,0.0,0.0,15.4,0,1,0,0,0,0,0,0,0,0,0,0,0,0,0,0,0
105,17,10.5,5.3,2.9000000000000004,1.9,0.0,10.5,0,1,0,0,0,0,0,0,0,0,0,0,0,0,0,0,0
144,24,15.4,3.8,4.9,1.4000000000000001,0.0,3.8,0,1,0,0,0,0,0,0,0,0,0,0,0,0,0,0,0
92,15,0.0,17.599999999999998,3.3000000000000003,3.3000000000000003,0.0,23.5,0,1,0,0,0,0,0,0,0,0,0,0,0,0,0,0,0
128,18,5.0,10.0,3.9,1.6,0.0,0.0,0,1,0,0,0,0,0,0,0,0,0,0,0,0,0,0,0
97,15,6.7,13.3,4.1000000000000005,1.0,0.0,6.7,0,1,0,0,0,0,0,0,0,0,0,0,0,0,0,0,0
15,2,0.0,0.0,0.0,0.0,0.0,0.0,0,0,0,0,0,0,0,0,0,0,0,0,0,1,0,0,0
295,41,14.899999999999999,8.5,3.6999999999999997,2.4,0.0,2.1,0,1,0,0,0,0,0,0,0,0,0,0,0,0,0,0,0
279,48,13.700000000000001,9.8,6.1,1.4000000000000001,0.0,2.0,0,1,0,0,0,0,0,0,0,0,0,0,0,0,0,0,0
40,8,0.0,0.0,0.0,5.0,18.2,45.5,0,0,0,0,0,0,0,0,0,0,0,0,0,0,0,1,0
20,2,0.0,0.0,0.0,0.0,0.0,100.0,0,0,0,0,0,0,0,0,0,0,0,0,0,1,0,0,0
83,15,12.5,0.0,3.5999999999999996,1.2,6.2,43.8,0,1,0,0,0,0,0,0,0,0,0,0,0,0,0,0,0
254,36,10.299999999999999,17.9,4.3,1.6,0.0,5.1,0,1,0,0,0,0,0,0,0,0,0,0,0,0,0,0,0
9,1,0.0,0.0,0.0,0.0,0.0,0.0,0,0,0,0,0,0,1,0,0,0,0,0,0,0,0,0,0
30,5,0.0,0.0,3.3000000000000003,6.7,0.0,57.099999999999994,0,0,0,0,0,0,0,0,0,0,0,0,0,0,0,1,0
38,5,0.0,0.0,2.6,2.6,0.0,50.0,0,0,0,0,0,1,0,0,0,0,0,0,0,0,0,0,0
28,4,0.0,0.0,3.5999999999999996,3.5999999999999996,0.0,60.0,0,0,0,0,0,0,0,0,0,0,0,0,0,0,0,1,0
33,5,0.0,0.0,3.0,3.0,0.0,66.7,0,0,0,0,0,1,0,0,0,0,0,0,0,0,0,0,0
23,2,0.0,0.0,0.0,4.3,33.300000000000004,33.300000000000004,0,0,0,0,0,0,1,0,0,0,0,0,0,0,0,0,0
74,9,0.0,0.0,0.0,2.7,9.1,63.6,0,0,1,0,0,0,0,0,0,0,0,0,0,0,0,0,0
72,11,0.0,0.0,0.0,1.4000000000000001,8.3,83.3,0,0,1,0,0,0,0,0,0,0,0,0,0,0,0,0,0
45,6,0.0,0.0,0.0,11.1,0.0,45.5,0,0,0,0,0,0,0,0,0,0,0,1,0,0,0,0,0
147,25,0.0,0.0,0.0,14.299999999999999,0.0,56.8,0,0,0,0,0,0,0,0,0,0,0,1,0,0,0,0,0
11,2,0.0,0.0,0.0,0.0,0.0,100.0,0,0,0,0,0,0,0,0,0,1,0,0,0,0,0,0,0
15,3,0.0,0.0,0.0,6.7,25.0,50.0,0,0,0,1,0,0,0,0,0,0,0,0,0,0,0,0,0
18,3,0.0,0.0,0.0,5.6000000000000005,25.0,50.0,0,0,0,1,0,0,0,0,0,0,0,0,0,0,0,0,0
12,1,0.0,100.0,0.0,16.7,0.0,0.0,0,0,0,1,0,0,0,0,0,0,0,0,0,0,0,0,0
18,1,0.0,0.0,0.0,11.1,33.300000000000004,0.0,0,0,0,1,0,0,0,0,0,0,0,0,0,0,0,0,0
22,2,0.0,0.0,0.0,0.0,0.0,100.0,0,0,0,0,0,0,1,0,0,0,0,0,0,0,0,0,0
15,2,0.0,50.0,0.0,0.0,0.0,50.0,0,0,0,0,0,0,0,0,0,0,0,0,0,0,0,1,0
27,3,0.0,0.0,0.0,0.0,0.0,0.0,0,0,0,0,0,0,0,0,0,0,0,0,0,1,0,0,0
20,2,0.0,0.0,0.0,5.0,0.0,66.7,0,0,0,0,0,0,0,0,0,0,0,0,0,0,0,1,0
17,3,0.0,0.0,0.0,0.0,25.0,75.0,0,0,0,0,0,0,0,0,0,0,0,0,0,0,0,1,0
60,9,0.0,11.1,3.3000000000000003,0.0,11.1,22.2,0,1,0,0,0,0,0,0,0,0,0,0,0,0,0,0,0
50,8,25.0,12.5,2.0,0.0,0.0,25.0,0,1,0,0,0,0,0,0,0,0,0,0,0,0,0,0,0
50,9,0.0,0.0,4.0,0.0,22.2,33.300000000000004,0,1,0,0,0,0,0,0,0,0,0,0,0,0,0,0,0
16,3,0.0,0.0,0.0,0.0,0.0,100.0,0,0,0,0,0,0,0,0,0,0,0,0,0,0,0,1,0
6,1,0.0,100.0,0.0,0.0,0.0,0.0,0,0,0,0,0,0,0,0,0,0,0,0,0,0,0,1,0
20,2,0.0,0.0,0.0,5.0,0.0,66.7,0,0,0,0,0,0,0,0,0,0,0,0,0,0,0,1,0
20,4,0.0,0.0,0.0,0.0,40.0,40.0,0,0,0,0,0,0,0,0,0,0,0,0,0,0,0,1,0
74,13,0.0,7.1,6.800000000000001,1.4000000000000001,0.0,7.1,0,1,0,0,0,0,0,0,0,0,0,0,0,0,0,0,0
75,12,15.4,7.7,4.0,1.3,0.0,7.7,0,1,0,0,0,0,0,0,0,0,0,0,0,0,0,0,0
40,8,11.1,0.0,5.0,2.5,0.0,0.0,0,1,0,0,0,0,0,0,0,0,0,0,0,0,0,0,0
13,3,0.0,0.0,0.0,0.0,0.0,66.7,0,0,0,0,0,0,0,0,0,0,0,0,0,0,0,1,0
24,4,0.0,25.0,0.0,0.0,0.0,75.0,0,0,0,0,0,0,0,0,0,0,0,0,0,1,0,0,0
18,2,0.0,0.0,0.0,5.6000000000000005,0.0,66.7,0,0,0,0,0,0,0,0,0,0,0,0,0,0,0,1,0
24,4,0.0,0.0,0.0,4.2,50.0,50.0,0,0,0,0,0,0,0,0,0,0,0,0,0,0,0,1,0
56,8,11.1,22.2,3.5999999999999996,1.7999999999999998,0.0,0.0,0,1,0,0,0,0,0,0,0,0,0,0,0,0,0,0,0
55,8,11.1,22.2,3.5999999999999996,1.7999999999999998,0.0,0.0,0,1,0,0,0,0,0,0,0,0,0,0,0,0,0,0,0
49,8,0.0,11.1,4.1000000000000005,2.0,0.0,11.1,0,1,0,0,0,0,0,0,0,0,0,0,0,0,0,0,0
6,1,0.0,0.0,0.0,0.0,0.0,0.0,0,0,0,0,0,0,0,0,0,0,0,0,0,0,0,1,0
25,5,0.0,0.0,4.0,0.0,0.0,80.0,0,0,0,0,0,0,0,0,0,0,0,0,0,1,0,0,0
20,2,0.0,0.0,0.0,5.0,0.0,66.7,0,0,0,0,0,0,0,0,0,0,0,0,0,0,0,1,0
25,4,0.0,0.0,0.0,4.0,40.0,40.0,0,0,0,0,0,0,0,0,0,0,0,0,0,0,0,1,0
51,9,10.0,10.0,5.8999999999999995,2.0,10.0,10.0,0,1,0,0,0,0,0,0,0,0,0,0,0,0,0,0,0
37,8,0.0,0.0,8.1,2.7,11.1,11.1,0,1,0,0,0,0,0,0,0,0,0,0,0,0,0,0,0
46,8,11.1,0.0,4.3,2.1999999999999997,11.1,0.0,0,1,0,0,0,0,0,0,0,0,0,0,0,0,0,0,0
16,3,0.0,0.0,0.0,0.0,0.0,66.7,0,0,0,0,0,0,0,0,0,0,0,0,0,0,0,1,0
11,1,0.0,0.0,0.0,0.0,0.0,0.0,0,0,0,0,0,0,0,0,0,0,0,0,0,1,0,0,0
21,3,0.0,0.0,0.0,4.8,0.0,75.0,0,0,0,0,0,0,0,0,0,0,0,0,0,0,0,1,0
21,4,0.0,0.0,0.0,4.8,40.0,40.0,0,0,0,0,0,0,0,0,0,0,0,0,0,0,0,1,0
47,8,0.0,22.2,6.4,2.1,0.0,0.0,0,1,0,0,0,0,0,0,0,0,0,0,0,0,0,0,0
62,10,0.0,0.0,3.2,1.6,9.1,9.1,0,1,0,0,0,0,0,0,0,0,0,0,0,0,0,0,0
75,12,7.7,23.1,4.0,1.3,0.0,7.7,0,1,0,0,0,0,0,0,0,0,0,0,0,0,0,0,0
9,1,0.0,0.0,0.0,0.0,0.0,0.0,0,0,0,0,0,0,1,0,0,0,0,0,0,0,0,0,0
43,6,0.0,0.0,0.0,2.3,0.0,85.7,0,0,0,0,0,0,0,0,0,0,0,0,0,0,0,1,0
25,3,0.0,0.0,0.0,4.0,0.0,75.0,0,0,0,0,0,0,0,0,0,0,0,0,0,0,0,1,0
48,7,0.0,0.0,4.2,0.0,0.0,57.099999999999994,0,0,0,0,0,1,0,0,0,0,0,0,0,0,0,0,0
16,2,0.0,0.0,0.0,0.0,0.0,100.0,0,0,0,0,0,0,1,0,0,0,0,0,0,0,0,0,0
76,9,0.0,0.0,1.3,2.6,0.0,72.7,0,0,0,0,0,0,0,0,0,0,0,1,0,0,0,0,0
13,2,0.0,0.0,0.0,0.0,0.0,100.0,0,0,0,0,0,0,0,0,0,1,0,0,0,0,0,0,0
15,4,0.0,0.0,0.0,13.3,50.0,16.7,0,0,0,1,0,0,0,0,0,0,0,0,0,0,0,0,0
20,4,0.0,0.0,0.0,5.0,20.0,60.0,0,0,0,1,0,0,0,0,0,0,0,0,0,0,0,0,0
25,4,0.0,14.299999999999999,0.0,16.0,14.299999999999999,0.0,0,0,0,1,0,0,0,0,0,0,0,0,0,0,0,0,0
22,2,0.0,0.0,0.0,13.600000000000001,0.0,0.0,0,0,0,1,0,0,0,0,0,0,0,0,0,0,0,0,0
7,1,0.0,0.0,0.0,0.0,0.0,0.0,0,0,0,0,0,0,1,0,0,0,0,0,0,0,0,0,0
473,54,5.6000000000000005,4.2,1.7000000000000002,5.1,0.0,33.300000000000004,0,0,0,0,0,0,0,0,0,0,0,0,1,0,0,0,0
17,2,0.0,0.0,0.0,0.0,0.0,100.0,0,0,0,0,0,0,1,0,0,0,0,0,0,0,0,0,0
349,59,2.7,8.1,4.3,5.2,2.7,31.1,0,0,0,0,0,0,0,0,0,0,0,0,0,0,0,1,0
59,8,0.0,0.0,0.0,5.1,10.0,60.0,0,0,1,0,0,0,0,0,0,0,0,0,0,0,0,0,0
42,6,0.0,0.0,0.0,4.8,0.0,62.5,0,0,1,0,0,0,0,0,0,0,0,0,0,0,0,0,0
90,12,6.7,0.0,2.1999999999999997,5.6000000000000005,6.7,26.700000000000003,0,0,1,0,0,0,0,0,0,0,0,0,0,0,0,0,0
127,17,0.0,8.3,0.0,7.9,4.2,41.699999999999996,0,0,0,0,0,0,0,0,0,0,0,0,0,0,0,1,0
108,20,3.8,0.0,2.8000000000000003,4.6,3.8,57.699999999999996,0,0,0,0,0,0,0,0,0,0,0,0,0,0,0,1,0
114,20,4.2,8.3,1.7999999999999998,3.5000000000000004,12.5,37.5,0,0,1,0,0,0,0,0,0,0,0,0,0,0,0,0,0
119,20,3.8,0.0,0.0,5.0,3.8,46.2,0,1,0,0,0,0,0,0,0,0,0,0,0,0,0,0,0
69,13,7.1,0.0,2.9000000000000004,1.4000000000000001,7.1,21.4,0,1,0,0,0,0,0,0,0,0,0,0,0,0,0,0,0
251,48,8.799999999999999,2.9000000000000004,4.3999999999999995,9.2,0.0,32.4,0,0,0,0,0,0,0,0,0,0,0,1,0,0,0,0,0
50,9,0.0,10.0,4.0,4.0,0.0,20.0,0,1,0,0,0,0,0,0,0,0,0,0,0,0,0,0,0
36,6,0.0,0.0,0.0,2.8000000000000003,14.299999999999999,28.599999999999998,0,1,0,0,0,0,0,0,0,0,0,0,0,0,0,0,0
44,5,0.0,44.4,0.0,11.4,0.0,0.0,0,0,0,0,0,0,0,0,0,0,0,1,0,0,0,0,0
14,2,0.0,0.0,0.0,0.0,0.0,100.0,0,0,0,0,0,0,1,0,0,0,0,0,0,0,0,0,0
195,37,1.9,1.9,2.6,9.700000000000001,11.1,29.599999999999998,0,1,0,0,0,0,0,0,0,0,0,0,0,0,0,0,0
55,11,0.0,0.0,0.0,14.499999999999998,0.0,52.6,0,0,0,0,0,0,0,0,0,0,0,0,0,0,0,1,0
10,1,0.0,0.0,0.0,0.0,0.0,0.0,0,0,0,0,0,0,1,0,0,0,0,0,0,0,0,0,0
128,18,0.0,0.0,0.0,4.7,12.5,66.7,0,0,0,0,0,0,0,0,0,0,0,0,0,0,0,1,0
822,106,10.4,5.6000000000000005,3.2,2.3,0.0,0.8,0,1,0,0,0,0,0,0,0,0,0,0,0,0,0,0,0
407,66,5.0,7.5,4.2,4.2,6.2,18.8,0,1,0,0,0,0,0,0,0,0,0,0,0,0,0,0,0
923,131,11.700000000000001,1.7999999999999998,2.3,4.2,1.7999999999999998,31.3,0,1,0,0,0,0,0,0,0,0,0,0,0,0,0,0,0
334,54,6.3,4.8,4.2,2.7,9.5,22.2,0,1,0,0,0,0,0,0,0,0,0,0,0,0,0,0,0
271,40,14.6,6.2,3.6999999999999997,4.1000000000000005,4.2,27.1,0,1,0,0,0,0,0,0,0,0,0,0,0,0,0,0,0
501,64,6.800000000000001,3.4000000000000004,1.4000000000000001,5.6000000000000005,2.3,19.3,0,1,0,0,0,0,0,0,0,0,0,0,0,0,0,0,0
593,82,11.3,4.7,2.4,4.6,2.8000000000000003,19.8,0,1,0,0,0,0,0,0,0,0,0,0,0,0,0,0,0
27,5,0.0,20.0,3.6999999999999997,0.0,0.0,60.0,0,0,0,0,0,0,1,0,0,0,0,0,0,0,0,0,0
498,78,6.2,8.200000000000001,3.5999999999999996,4.3999999999999995,2.1,32.0,0,0,0,0,0,0,0,0,0,0,0,0,0,0,0,1,0
75,14,6.7,0.0,5.3,1.3,0.0,60.0,0,0,0,0,0,0,0,0,0,0,0,0,0,0,0,1,0
105,17,4.3,13.0,2.9000000000000004,5.7,8.7,26.1,0,1,0,0,0,0,0,0,0,0,0,0,0,0,0,0,0
218,37,6.800000000000001,4.5,5.0,2.8000000000000003,6.800000000000001,22.7,0,0,0,0,0,0,0,0,0,0,0,0,0,0,0,1,0
93,12,0.0,0.0,0.0,6.5,11.799999999999999,58.8,0,0,0,0,0,0,0,0,0,0,0,0,0,0,0,1,0
175,22,7.7,3.8,1.0999999999999999,2.9000000000000004,0.0,61.5,0,0,0,0,0,0,0,0,0,0,0,0,0,0,0,1,0
272,37,8.7,6.5,1.7999999999999998,3.3000000000000003,0.0,30.4,0,0,0,0,0,0,0,0,0,0,0,0,0,0,0,1,0
230,28,5.0,5.0,0.8999999999999999,5.7,2.5,15.0,0,1,0,0,0,0,0,0,0,0,0,0,0,0,0,0,0
104,19,4.2,4.2,4.8,4.8,0.0,12.5,0,1,0,0,0,0,0,0,0,0,0,0,0,0,0,0,0
285,50,13.0,11.1,5.3,1.7999999999999998,3.6999999999999997,3.6999999999999997,0,1,0,0,0,0,0,0,0,0,0,0,0,0,0,0,0
173,34,5.3,5.3,5.800000000000001,2.3,5.3,34.2,0,1,0,0,0,0,0,0,0,0,0,0,0,0,0,0,0
63,12,0.0,0.0,0.0,11.1,5.8999999999999995,52.900000000000006,0,0,0,0,0,0,0,0,0,0,0,0,0,0,0,1,0
199,30,8.3,0.0,1.5,4.0,8.3,19.400000000000002,0,1,0,0,0,0,0,0,0,0,0,0,0,0,0,0,0
65,10,8.3,0.0,3.1,3.1,0.0,16.7,0,0,0,0,0,0,0,0,0,0,0,0,0,0,0,1,0
102,17,5.6000000000000005,22.2,4.9,1.0,0.0,0.0,0,0,0,0,0,0,0,0,0,0,0,0,0,0,0,1,0
76,10,0.0,0.0,0.0,6.6000000000000005,7.7,61.5,0,0,0,0,0,0,0,0,0,0,0,0,0,0,0,1,0
159,24,7.1,7.1,3.1,2.5,10.7,32.1,0,0,0,0,0,0,0,0,0,0,0,0,0,0,0,1,0
321,54,11.899999999999999,3.4000000000000004,4.3999999999999995,1.6,3.4000000000000004,16.900000000000002,0,1,0,0,0,0,0,0,0,0,0,0,0,0,0,0,0
196,30,12.1,6.1,4.1000000000000005,1.5,0.0,9.1,0,0,0,0,0,0,0,0,0,0,0,0,0,0,0,1,0
9,1,0.0,0.0,0.0,0.0,0.0,0.0,0,0,0,0,0,0,1,0,0,0,0,0,0,0,0,0,0
76,12,0.0,6.7,2.6,5.3,6.7,40.0,0,0,0,0,0,1,0,0,0,0,0,0,0,0,0,0,0
75,9,0.0,0.0,0.0,2.7,0.0,81.8,0,0,1,0,0,0,0,0,0,0,0,0,0,0,0,0,0
94,11,6.7,0.0,0.0,4.3,0.0,53.300000000000004,0,0,1,0,0,0,0,0,0,0,0,0,0,0,0,0,0
31,5,0.0,0.0,0.0,3.2,20.0,80.0,0,0,1,0,0,0,0,0,0,0,0,0,0,0,0,0,0
83,10,0.0,0.0,0.0,3.5999999999999996,7.1,71.39999999999999,0,0,1,0,0,0,0,0,0,0,0,0,0,0,0,0,0
44,9,0.0,0.0,2.3,6.800000000000001,0.0,58.3,0,0,0,0,0,0,0,0,0,0,0,0,0,0,1,0,0
52,7,0.0,0.0,0.0,5.800000000000001,0.0,50.0,0,0,0,0,0,0,0,0,0,0,0,0,0,0,1,0,0
22,3,25.0,25.0,0.0,4.5,0.0,25.0,0,0,0,0,0,0,0,0,0,0,0,0,0,0,0,1,0
55,7,0.0,0.0,1.7999999999999998,3.5999999999999996,0.0,75.0,0,0,0,0,0,0,0,0,0,0,0,0,0,0,1,0,0
42,7,0.0,0.0,2.4,4.8,12.5,62.5,0,0,0,0,0,0,0,0,0,0,0,0,0,0,1,0,0
69,8,0.0,8.3,0.0,4.3,0.0,58.3,0,0,1,0,0,0,0,0,0,0,0,0,0,0,0,0,0
116,14,0.0,0.0,1.7000000000000002,6.0,0.0,55.00000000000001,0,0,1,0,0,0,0,0,0,0,0,0,0,0,0,0,0
78,12,0.0,7.1,2.6,2.6,14.299999999999999,0.0,0,0,0,0,0,0,0,0,0,0,0,0,0,0,1,0,0
101,16,0.0,0.0,1.0,5.0,5.0,70.0,0,0,0,0,0,0,0,0,0,0,0,0,0,0,1,0,0
60,12,0.0,0.0,0.0,13.3,5.3,52.6,0,0,0,0,0,0,0,0,0,0,0,0,0,0,1,0,0
45,9,0.0,0.0,0.0,15.6,6.7,53.300000000000004,0,0,0,0,0,0,0,0,0,0,0,0,0,0,1,0,0
66,9,0.0,40.0,0.0,0.0,0.0,0.0,0,0,0,0,0,0,0,0,0,0,0,0,0,0,1,0,0
14,2,0.0,0.0,0.0,0.0,0.0,100.0,0,0,0,0,0,0,0,0,0,1,0,0,0,0,0,0,0
12,1,0.0,100.0,0.0,16.7,0.0,0.0,0,0,0,1,0,0,0,0,0,0,0,0,0,0,0,0,0
17,1,0.0,0.0,0.0,11.799999999999999,33.300000000000004,0.0,0,0,0,1,0,0,0,0,0,0,0,0,0,0,0,0,0
38,1,0.0,0.0,0.0,18.4,0.0,0.0,0,0,0,1,0,0,0,0,0,0,0,0,0,0,0,0,0
19,2,0.0,0.0,0.0,0.0,0.0,100.0,0,0,0,0,0,0,1,0,0,0,0,0,0,0,0,0,0
85,16,0.0,5.8999999999999995,5.8999999999999995,1.2,5.8999999999999995,29.4,0,0,0,0,0,0,0,0,0,0,0,0,1,0,0,0,0
94,15,5.3,26.3,3.2,3.2,10.5,5.3,0,0,0,0,0,0,0,0,0,0,0,0,1,0,0,0,0
85,12,16.7,8.3,4.7,0.0,0.0,25.0,0,0,0,0,0,0,0,0,0,0,0,0,1,0,0,0,0
99,16,15.8,15.8,3.0,3.0,0.0,0.0,0,0,0,0,0,0,0,0,0,0,0,0,1,0,0,0,0
86,14,6.2,12.5,5.800000000000001,2.3,6.2,0.0,0,0,0,0,0,0,0,0,0,0,0,0,1,0,0,0,0
90,12,6.2,0.0,2.1999999999999997,5.6000000000000005,6.2,37.5,0,0,0,0,0,0,0,0,0,0,0,0,1,0,0,0,0
95,14,0.0,13.3,5.3,1.0999999999999999,0.0,20.0,0,0,0,0,0,0,0,0,0,0,0,0,1,0,0,0,0
89,14,13.3,13.3,4.5,1.0999999999999999,0.0,26.700000000000003,0,0,0,0,0,0,0,0,0,0,0,0,1,0,0,0,0
11,1,0.0,0.0,0.0,9.1,0.0,0.0,0,0,0,0,0,0,0,0,0,0,0,0,1,0,0,0,0
18,3,0.0,33.300000000000004,0.0,0.0,0.0,66.7,0,0,0,0,0,0,0,0,0,0,0,1,0,0,0,0,0
13,3,0.0,0.0,0.0,0.0,0.0,0.0,0,0,0,0,0,0,0,0,0,0,0,1,0,0,0,0,0
15,3,0.0,33.300000000000004,0.0,0.0,0.0,66.7,0,0,0,0,0,0,0,0,0,0,0,1,0,0,0,0,0
25,3,0.0,0.0,0.0,0.0,0.0,100.0,0,0,0,0,0,0,0,0,0,0,0,1,0,0,0,0,0
12,2,50.0,0.0,0.0,0.0,0.0,0.0,0,0,0,0,0,0,0,0,0,0,0,1,0,0,0,0,0
19,3,0.0,33.300000000000004,0.0,0.0,0.0,66.7,0,0,0,0,0,0,0,0,0,0,0,1,0,0,0,0,0
10,2,0.0,0.0,0.0,0.0,0.0,0.0,0,0,0,0,0,0,0,0,0,0,0,1,0,0,0,0,0
14,3,0.0,33.300000000000004,0.0,0.0,0.0,66.7,0,0,0,0,0,0,0,0,0,0,0,1,0,0,0,0,0
21,4,0.0,0.0,0.0,0.0,0.0,75.0,0,0,0,0,0,0,0,0,0,0,0,1,0,0,0,0,0
22,2,0.0,0.0,0.0,0.0,0.0,100.0,0,0,0,0,0,0,1,0,0,0,0,0,0,0,0,0,0
21,3,0.0,0.0,0.0,4.8,0.0,80.0,0,0,0,0,0,0,0,0,0,0,1,0,0,0,0,0,0
7,1,0.0,0.0,0.0,0.0,0.0,0.0,0,0,0,0,0,0,0,0,0,0,0,0,0,1,0,0,0
61,13,7.1,7.1,8.200000000000001,1.6,7.1,14.299999999999999,0,1,0,0,0,0,0,0,0,0,0,0,0,0,0,0,0
68,11,16.7,8.3,2.9000000000000004,2.9000000000000004,8.3,0.0,0,1,0,0,0,0,0,0,0,0,0,0,0,0,0,0,0
92,12,0.0,6.2,2.1999999999999997,4.3,0.0,6.2,0,1,0,0,0,0,0,0,0,0,0,0,0,0,0,0,0
77,12,13.3,0.0,5.2,3.9,0.0,6.7,0,1,0,0,0,0,0,0,0,0,0,0,0,0,0,0,0
4,1,0.0,0.0,0.0,0.0,100.0,0.0,0,0,0,0,1,0,0,0,0,0,0,0,0,0,0,0,0
33,6,0.0,0.0,0.0,3.0,0.0,75.0,0,0,0,0,0,0,0,0,0,0,1,0,0,0,0,0,0
9,2,0.0,0.0,0.0,0.0,66.7,0.0,0,0,0,0,1,0,0,0,0,0,0,0,0,0,0,0,0
22,3,0.0,33.300000000000004,0.0,0.0,0.0,66.7,0,0,0,0,0,0,0,0,0,0,0,0,0,1,0,0,0
90,17,22.2,0.0,5.6000000000000005,1.0999999999999999,11.1,0.0,0,1,0,0,0,0,0,0,0,0,0,0,0,0,0,0,0
31,5,0.0,0.0,6.5,0.0,20.0,0.0,0,1,0,0,0,0,0,0,0,0,0,0,0,0,0,0,0
86,14,11.1,0.0,5.800000000000001,4.7,0.0,0.0,0,1,0,0,0,0,0,0,0,0,0,0,0,0,0,0,0
9,1,0.0,100.0,0.0,0.0,0.0,0.0,0,1,0,0,0,0,0,0,0,0,0,0,0,0,0,0,0
91,16,5.8999999999999995,5.8999999999999995,6.6000000000000005,1.0999999999999999,5.8999999999999995,5.8999999999999995,0,1,0,0,0,0,0,0,0,0,0,0,0,0,0,0,0
60,10,20.0,10.0,8.3,0.0,0.0,0.0,0,1,0,0,0,0,0,0,0,0,0,0,0,0,0,0,0
14,2,0.0,0.0,0.0,0.0,0.0,100.0,0,0,0,0,0,0,0,0,0,0,0,0,0,1,0,0,0
90,13,13.3,6.7,3.3000000000000003,2.1999999999999997,0.0,6.7,0,1,0,0,0,0,0,0,0,0,0,0,0,0,0,0,0
30,4,0.0,0.0,0.0,0.0,0.0,25.0,0,1,0,0,0,0,0,0,0,0,0,0,0,0,0,0,0
96,15,23.5,5.8999999999999995,4.2,2.1,0.0,0.0,0,1,0,0,0,0,0,0,0,0,0,0,0,0,0,0,0
83,14,21.4,0.0,3.5999999999999996,0.0,0.0,7.1,0,1,0,0,0,0,0,0,0,0,0,0,0,0,0,0,0
96,12,7.1,7.1,2.1,2.1,0.0,0.0,0,1,0,0,0,0,0,0,0,0,0,0,0,0,0,0,0
91,17,0.0,0.0,7.7,2.1999999999999997,10.5,5.3,0,1,0,0,0,0,0,0,0,0,0,0,0,0,0,0,0
12,2,0.0,50.0,0.0,0.0,0.0,0.0,0,1,0,0,0,0,0,0,0,0,0,0,0,0,0,0,0
10,2,0.0,0.0,0.0,0.0,0.0,0.0,0,0,0,0,0,0,0,0,0,0,0,0,0,1,0,0,0
93,15,5.3,10.5,3.2,4.3,0.0,5.3,0,1,0,0,0,0,0,0,0,0,0,0,0,0,0,0,0
96,12,7.1,28.599999999999998,3.1,3.1,0.0,0.0,0,1,0,0,0,0,0,0,0,0,0,0,0,0,0,0,0
94,15,6.2,18.8,3.2,3.2,6.2,0.0,0,1,0,0,0,0,0,0,0,0,0,0,0,0,0,0,0
90,19,15.8,10.5,12.2,0.0,0.0,0.0,0,1,0,0,0,0,0,0,0,0,0,0,0,0,0,0,0
38,5,20.0,0.0,0.0,0.0,20.0,20.0,0,1,0,0,0,0,0,0,0,0,0,0,0,0,0,0,0
7,2,0.0,0.0,0.0,0.0,0.0,0.0,0,0,0,0,0,0,0,0,0,0,0,0,0,0,0,1,0
90,1,0.0,0.0,0.0,100.0,0.0,0.0,0,0,0,0,0,0,0,0,0,0,0,0,0,0,0,1,0
26,5,0.0,0.0,0.0,3.8,0.0,71.39999999999999,0,0,0,0,0,0,0,0,0,0,1,0,0,0,0,0,0
9,2,0.0,0.0,0.0,0.0,66.7,0.0,0,0,0,0,1,0,0,0,0,0,0,0,0,0,0,0,0
9,1,0.0,0.0,0.0,11.1,0.0,0.0,0,0,0,0,0,0,0,0,0,0,0,0,0,1,0,0,0
69,14,6.7,6.7,5.800000000000001,1.4000000000000001,6.7,6.7,0,1,0,0,0,0,0,0,0,0,0,0,0,0,0,0,0
87,17,15.8,5.3,8.0,2.3,0.0,0.0,0,1,0,0,0,0,0,0,0,0,0,0,0,0,0,0,0
86,15,12.5,18.8,4.7,2.3,12.5,0.0,0,1,0,0,0,0,0,0,0,0,0,0,0,0,0,0,0
88,18,16.7,0.0,6.800000000000001,0.0,5.6000000000000005,5.6000000000000005,0,1,0,0,0,0,0,0,0,0,0,0,0,0,0,0,0
9,1,0.0,0.0,0.0,0.0,0.0,0.0,0,1,0,0,0,0,0,0,0,0,0,0,0,0,0,0,0
52,10,0.0,0.0,0.0,5.800000000000001,0.0,71.39999999999999,0,0,0,0,0,0,0,0,0,0,1,0,0,0,0,0,0
9,2,0.0,0.0,0.0,0.0,66.7,0.0,0,0,0,0,1,0,0,0,0,0,0,0,0,0,0,0,0
44,4,0.0,0.0,0.0,2.3,0.0,100.0,0,0,0,0,0,0,0,0,0,0,0,0,0,1,0,0,0
88,17,17.599999999999998,5.8999999999999995,5.7,0.0,17.599999999999998,0.0,0,1,0,0,0,0,0,0,0,0,0,0,0,0,0,0,0
93,15,20.0,20.0,3.2,0.0,6.7,0.0,0,1,0,0,0,0,0,0,0,0,0,0,0,0,0,0,0
52,8,11.1,11.1,1.9,1.9,22.2,0.0,0,1,0,0,0,0,0,0,0,0,0,0,0,0,0,0,0
88,16,6.2,12.5,6.800000000000001,0.0,0.0,6.2,0,1,0,0,0,0,0,0,0,0,0,0,0,0,0,0,0
95,16,22.2,0.0,5.3,2.1,0.0,11.1,0,1,0,0,0,0,0,0,0,0,0,0,0,0,0,0,0
25,5,0.0,0.0,8.0,0.0,20.0,0.0,0,1,0,0,0,0,0,0,0,0,0,0,0,0,0,0,0
33,5,0.0,0.0,0.0,0.0,0.0,83.3,0,0,0,0,0,0,0,0,0,0,1,0,0,0,0,0,0
9,2,0.0,0.0,0.0,0.0,66.7,0.0,0,0,0,0,1,0,0,0,0,0,0,0,0,0,0,0,0
20,2,0.0,0.0,0.0,0.0,0.0,100.0,0,0,0,0,0,0,0,0,0,0,0,0,0,1,0,0,0
78,16,12.5,12.5,7.7,2.6,6.2,0.0,0,1,0,0,0,0,0,0,0,0,0,0,0,0,0,0,0
84,16,11.1,5.6000000000000005,6.0,3.5999999999999996,16.7,0.0,0,1,0,0,0,0,0,0,0,0,0,0,0,0,0,0,0
95,15,13.3,20.0,5.3,1.0999999999999999,0.0,0.0,0,1,0,0,0,0,0,0,0,0,0,0,0,0,0,0,0
45,8,12.5,0.0,4.3999999999999995,0.0,0.0,37.5,0,1,0,0,0,0,0,0,0,0,0,0,0,0,0,0,0
19,2,0.0,0.0,0.0,0.0,0.0,100.0,0,0,0,0,0,0,1,0,0,0,0,0,0,0,0,0,0
42,6,0.0,0.0,0.0,7.1,11.1,66.7,0,0,0,0,0,0,0,0,0,0,0,0,0,0,0,0,1
30,5,0.0,0.0,0.0,6.7,25.0,37.5,0,0,0,0,0,0,0,0,0,0,0,0,0,0,0,0,1
38,6,0.0,0.0,0.0,5.3,12.5,50.0,0,0,0,0,0,0,0,0,0,0,0,0,0,0,0,0,1
30,5,14.299999999999999,0.0,0.0,6.7,14.299999999999999,42.9,0,0,0,0,0,0,0,0,0,0,0,0,0,0,0,0,1
62,9,0.0,0.0,1.6,3.2,16.7,58.3,0,0,0,0,0,0,0,0,0,0,0,0,0,0,0,0,1
24,1,0.0,0.0,0.0,4.2,0.0,0.0,0,0,0,0,0,0,1,0,0,0,0,0,0,0,0,0,0
70,9,0.0,0.0,2.9000000000000004,2.9000000000000004,0.0,66.7,0,0,0,0,0,1,0,0,0,0,0,0,0,0,0,0,0
35,4,0.0,0.0,0.0,0.0,20.0,60.0,0,0,0,0,0,0,0,0,0,0,0,0,0,0,1,0,0
42,6,0.0,0.0,0.0,4.8,11.1,55.60000000000001,0,0,0,0,0,0,0,0,0,0,0,0,0,0,1,0,0
12,2,0.0,0.0,0.0,0.0,0.0,100.0,0,0,0,0,0,0,1,0,0,0,0,0,0,0,0,0,0
15,3,0.0,0.0,0.0,0.0,0.0,100.0,1,0,0,0,0,0,0,0,0,0,0,0,0,0,0,0,0
23,4,0.0,0.0,0.0,8.7,16.7,50.0,1,0,0,0,0,0,0,0,0,0,0,0,0,0,0,0,0
61,8,0.0,0.0,1.6,3.3000000000000003,0.0,70.0,1,0,0,0,0,0,0,0,0,0,0,0,0,0,0,0,0
14,1,0.0,0.0,0.0,0.0,0.0,0.0,0,0,0,0,0,0,1,0,0,0,0,0,0,0,0,0,0
32,3,0.0,0.0,0.0,0.0,0.0,100.0,0,0,1,0,0,0,0,0,0,0,0,0,0,0,0,0,0
17,2,0.0,0.0,0.0,0.0,0.0,50.0,0,0,0,0,0,0,1,0,0,0,0,0,0,0,0,0,0
43,6,0.0,0.0,2.3,2.3,0.0,28.599999999999998,0,0,0,0,0,0,0,0,0,0,0,0,0,0,1,0,0
51,6,0.0,0.0,2.0,2.0,0.0,28.599999999999998,0,0,0,0,0,0,0,0,0,0,0,0,0,0,1,0,0
9,2,0.0,0.0,0.0,0.0,0.0,100.0,0,0,0,0,0,0,0,0,0,1,0,0,0,0,0,0,0
69,6,0.0,7.1,0.0,17.4,14.299999999999999,42.9,0,0,0,1,0,0,0,0,0,0,0,0,0,0,0,0,0
10,1,0.0,0.0,0.0,0.0,0.0,0.0,0,0,0,0,0,0,1,0,0,0,0,0,0,0,0,0,0
54,7,0.0,20.0,0.0,1.9,10.0,30.0,0,0,0,0,0,0,0,0,0,0,0,0,0,1,0,0,0
36,6,0.0,14.299999999999999,0.0,2.8000000000000003,0.0,57.099999999999994,0,1,0,0,0,0,0,0,0,0,0,0,0,0,0,0,0
45,8,0.0,0.0,0.0,6.7,15.4,30.8,0,0,0,0,0,0,0,0,0,0,0,0,0,1,0,0,0
43,11,16.7,8.3,11.600000000000001,2.3,0.0,8.3,0,1,0,0,0,0,0,0,0,0,0,0,0,0,0,0,0
40,8,0.0,0.0,0.0,7.5,15.4,30.8,0,0,0,0,0,0,0,0,0,0,0,0,0,0,0,1,0
54,10,8.3,8.3,3.6999999999999997,3.6999999999999997,8.3,0.0,0,1,0,0,0,0,0,0,0,0,0,0,0,0,0,0,0
26,5,16.7,16.7,3.8,3.8,0.0,0.0,0,1,0,0,0,0,0,0,0,0,0,0,0,0,0,0,0
29,7,0.0,0.0,0.0,13.8,18.2,45.5,0,0,0,0,0,0,0,0,0,0,1,0,0,0,0,0,0
58,9,0.0,9.1,1.7000000000000002,1.7000000000000002,18.2,45.5,0,0,0,0,0,0,0,0,0,0,0,0,0,1,0,0,0
90,18,5.0,0.0,4.3999999999999995,3.3000000000000003,5.0,35.0,0,1,0,0,0,0,0,0,0,0,0,0,0,0,0,0,0
42,7,0.0,11.1,4.8,7.1,11.1,11.1,0,1,0,0,0,0,0,0,0,0,0,0,0,0,0,0,0
49,9,0.0,10.0,4.1000000000000005,4.1000000000000005,20.0,0.0,0,1,0,0,0,0,0,0,0,0,0,0,0,0,0,0,0
74,13,7.1,21.4,2.7,4.1000000000000005,0.0,28.599999999999998,0,1,0,0,0,0,0,0,0,0,0,0,0,0,0,0,0
6,1,0.0,0.0,0.0,16.7,0.0,0.0,0,1,0,0,0,0,0,0,0,0,0,0,0,0,0,0,0
59,10,9.1,9.1,5.1,3.4000000000000004,0.0,9.1,0,1,0,0,0,0,0,0,0,0,0,0,0,0,0,0,0
58,8,0.0,8.3,0.0,5.2,16.7,41.699999999999996,0,1,0,0,0,0,0,0,0,0,0,0,0,0,0,0,0
120,16,5.6000000000000005,16.7,4.2,3.3000000000000003,0.0,11.1,0,1,0,0,0,0,0,0,0,0,0,0,0,0,0,0,0
66,10,9.1,0.0,3.0,3.0,9.1,0.0,0,1,0,0,0,0,0,0,0,0,0,0,0,0,0,0,0
52,7,0.0,12.5,1.9,1.9,0.0,12.5,0,1,0,0,0,0,0,0,0,0,0,0,0,0,0,0,0
59,10,9.1,18.2,5.1,3.4000000000000004,0.0,0.0,0,1,0,0,0,0,0,0,0,0,0,0,0,0,0,0,0
149,20,0.0,26.1,2.0,3.4000000000000004,0.0,13.0,0,1,0,0,0,0,0,0,0,0,0,0,0,0,0,0,0
37,7,0.0,12.5,2.7,5.4,12.5,0.0,0,1,0,0,0,0,0,0,0,0,0,0,0,0,0,0,0
9,1,0.0,0.0,0.0,0.0,0.0,0.0,0,0,0,0,0,0,1,0,0,0,0,0,0,0,0,0,0
38,6,0.0,0.0,2.6,5.3,11.1,44.4,0,0,0,0,0,0,0,0,0,0,1,0,0,0,0,0,0
15,3,0.0,25.0,0.0,0.0,0.0,25.0,0,0,0,0,0,1,0,0,0,0,0,0,0,0,0,0,0
26,5,0.0,20.0,0.0,0.0,0.0,80.0,0,0,0,0,0,0,0,0,0,0,0,0,0,0,0,0,1
116,18,9.5,9.5,2.6,3.4000000000000004,4.8,9.5,0,1,0,0,0,0,0,0,0,0,0,0,0,0,0,0,0
137,27,6.9,6.9,8.799999999999999,1.5,6.9,3.4000000000000004,0,1,0,0,0,0,0,0,0,0,0,0,0,0,0,0,0
31,5,0.0,0.0,0.0,3.2,14.299999999999999,57.099999999999994,0,0,0,0,0,0,0,0,0,0,1,0,0,0,0,0,0
11,3,0.0,25.0,0.0,0.0,0.0,75.0,0,0,0,0,0,1,0,0,0,0,0,0,0,0,0,0,0
23,5,0.0,0.0,0.0,4.3,16.7,50.0,0,0,0,0,0,0,0,0,0,0,0,0,0,1,0,0,0
6,2,0.0,0.0,0.0,0.0,0.0,0.0,0,0,0,0,0,0,0,0,0,0,0,0,0,0,0,0,1
10,2,33.300000000000004,0.0,10.0,10.0,0.0,0.0,0,0,0,0,0,0,1,0,0,0,0,0,0,0,0,0,0
14,2,0.0,50.0,0.0,0.0,0.0,0.0,0,0,0,0,0,0,0,0,0,0,0,1,0,0,0,0,0
15,3,0.0,33.300000000000004,0.0,0.0,0.0,66.7,0,0,0,0,0,0,0,0,0,0,0,1,0,0,0,0,0
14,2,0.0,0.0,0.0,0.0,50.0,0.0,0,0,0,0,0,0,0,0,0,0,0,1,0,0,0,0,0
18,3,0.0,0.0,0.0,0.0,0.0,66.7,0,0,0,0,0,0,0,0,0,0,0,1,0,0,0,0,0
13,2,0.0,50.0,0.0,0.0,0.0,0.0,0,0,0,0,0,0,0,0,0,0,0,1,0,0,0,0,0
15,3,33.300000000000004,0.0,0.0,0.0,0.0,33.300000000000004,0,0,0,0,0,0,0,0,0,0,0,1,0,0,0,0,0
8,2,50.0,0.0,0.0,0.0,0.0,0.0,0,0,0,0,0,0,0,0,0,0,0,1,0,0,0,0,0
18,4,25.0,25.0,5.6000000000000005,0.0,0.0,25.0,0,0,0,0,0,0,0,0,0,0,0,1,0,0,0,0,0
16,2,50.0,0.0,0.0,0.0,0.0,0.0,0,0,0,0,0,0,0,0,0,0,0,1,0,0,0,0,0
9,2,0.0,0.0,0.0,0.0,0.0,0.0,0,0,0,0,0,0,0,0,0,0,0,1,0,0,0,0,0
15,3,33.300000000000004,0.0,0.0,0.0,0.0,66.7,0,0,0,0,0,0,0,0,0,0,0,1,0,0,0,0,0
13,2,0.0,0.0,7.7,7.7,0.0,0.0,0,0,0,0,0,0,0,0,0,0,0,1,0,0,0,0,0
7,2,0.0,0.0,0.0,0.0,0.0,50.0,0,0,0,0,0,0,0,0,0,0,0,1,0,0,0,0,0
4,2,0.0,0.0,0.0,0.0,0.0,50.0,0,0,0,0,0,0,0,0,0,0,0,1,0,0,0,0,0
7,2,0.0,0.0,0.0,0.0,0.0,50.0,0,0,0,0,0,0,0,0,0,0,0,1,0,0,0,0,0
11,2,0.0,0.0,0.0,0.0,0.0,50.0,0,0,0,0,0,0,0,0,0,0,0,1,0,0,0,0,0
4,2,0.0,0.0,0.0,0.0,0.0,50.0,0,0,0,0,0,0,0,0,0,0,0,1,0,0,0,0,0
6,2,0.0,0.0,0.0,0.0,0.0,50.0,0,0,0,0,0,0,0,0,0,0,0,1,0,0,0,0,0
7,2,0.0,0.0,0.0,0.0,0.0,50.0,0,0,0,0,0,0,0,0,0,0,0,1,0,0,0,0,0
6,2,0.0,0.0,0.0,0.0,0.0,50.0,0,0,0,0,0,0,0,0,0,0,0,1,0,0,0,0,0
11,2,0.0,0.0,0.0,0.0,0.0,50.0,0,0,0,0,0,0,0,0,0,0,0,1,0,0,0,0,0
16,3,0.0,0.0,0.0,0.0,0.0,66.7,0,0,0,0,0,0,0,0,0,0,0,1,0,0,0,0,0
19,4,0.0,25.0,0.0,0.0,0.0,50.0,0,0,0,0,0,0,0,0,0,0,0,1,0,0,0,0,0
5,2,0.0,0.0,0.0,0.0,0.0,50.0,0,0,0,0,0,0,0,0,0,0,0,1,0,0,0,0,0
26,4,0.0,0.0,0.0,0.0,0.0,75.0,0,0,0,0,0,0,0,0,0,0,0,1,0,0,0,0,0
5,2,0.0,0.0,0.0,0.0,0.0,50.0,0,0,0,0,0,0,0,0,0,0,0,1,0,0,0,0,0
4,2,0.0,0.0,0.0,0.0,0.0,50.0,0,0,0,0,0,0,0,0,0,0,0,1,0,0,0,0,0
9,2,0.0,0.0,0.0,0.0,0.0,100.0,0,0,0,0,0,0,0,0,0,1,0,0,0,0,0,0,0
47,6,0.0,7.7,0.0,17.0,15.4,46.2,0,0,0,1,0,0,0,0,0,0,0,0,0,0,0,0,0
42,2,0.0,0.0,0.0,14.299999999999999,33.300000000000004,0.0,0,0,0,1,0,0,0,0,0,0,0,0,0,0,0,0,0
10,1,0.0,0.0,0.0,0.0,0.0,0.0,0,0,0,0,0,0,1,0,0,0,0,0,0,0,0,0,0
23,5,0.0,0.0,0.0,13.0,22.2,11.1,0,0,0,0,0,0,0,0,0,0,1,0,0,0,0,0,0
60,9,0.0,0.0,1.7000000000000002,5.0,7.7,38.5,0,0,0,0,0,0,0,0,0,0,0,0,0,1,0,0,0
72,12,6.7,6.7,5.6000000000000005,4.2,0.0,0.0,0,1,0,0,0,0,0,0,0,0,0,0,0,0,0,0,0
68,14,0.0,0.0,5.8999999999999995,0.0,0.0,7.1,0,1,0,0,0,0,0,0,0,0,0,0,0,0,0,0,0
67,9,0.0,13.3,1.5,9.0,0.0,0.0,0,1,0,0,0,0,0,0,0,0,0,0,0,0,0,0,0
47,7,0.0,11.1,4.3,4.3,0.0,11.1,0,1,0,0,0,0,0,0,0,0,0,0,0,0,0,0,0
61,9,20.0,10.0,3.3000000000000003,3.3000000000000003,0.0,20.0,0,1,0,0,0,0,0,0,0,0,0,0,0,0,0,0,0
19,4,0.0,0.0,5.3,0.0,0.0,75.0,0,1,0,0,0,0,0,0,0,0,0,0,0,0,0,0,0
59,10,8.3,8.3,6.800000000000001,3.4000000000000004,0.0,0.0,0,1,0,0,0,0,0,0,0,0,0,0,0,0,0,0,0
60,10,0.0,0.0,6.7,0.0,0.0,10.0,0,1,0,0,0,0,0,0,0,0,0,0,0,0,0,0,0
54,8,0.0,11.1,3.6999999999999997,1.9,0.0,11.1,0,1,0,0,0,0,0,0,0,0,0,0,0,0,0,0,0
40,5,14.299999999999999,14.299999999999999,0.0,5.0,0.0,14.299999999999999,0,1,0,0,0,0,0,0,0,0,0,0,0,0,0,0,0
61,7,11.1,0.0,1.6,4.9,0.0,0.0,0,1,0,0,0,0,0,0,0,0,0,0,0,0,0,0,0
61,6,0.0,0.0,1.6,3.3000000000000003,0.0,0.0,0,1,0,0,0,0,0,0,0,0,0,0,0,0,0,0,0
9,1,0.0,0.0,0.0,0.0,0.0,0.0,0,1,0,0,0,0,0,0,0,0,0,0,0,0,0,0,0
64,10,18.2,9.1,3.1,4.7,0.0,18.2,0,1,0,0,0,0,0,0,0,0,0,0,0,0,0,0,0
60,11,9.1,0.0,8.3,0.0,0.0,0.0,0,1,0,0,0,0,0,0,0,0,0,0,0,0,0,0,0
9,1,0.0,0.0,0.0,11.1,0.0,0.0,0,1,0,0,0,0,0,0,0,0,0,0,0,0,0,0,0
37,7,0.0,0.0,0.0,5.4,18.2,45.5,0,0,0,0,0,0,0,0,0,0,0,0,0,1,0,0,0
65,10,23.1,7.7,3.1,4.6,0.0,7.7,0,1,0,0,0,0,0,0,0,0,0,0,0,0,0,0,0
56,7,11.1,11.1,1.7999999999999998,5.4,0.0,0.0,0,1,0,0,0,0,0,0,0,0,0,0,0,0,0,0,0
70,11,30.8,7.7,4.3,2.9000000000000004,0.0,0.0,0,1,0,0,0,0,0,0,0,0,0,0,0,0,0,0,0
71,10,0.0,18.2,2.8000000000000003,1.4000000000000001,0.0,0.0,0,1,0,0,0,0,0,0,0,0,0,0,0,0,0,0,0
60,8,0.0,25.0,3.3000000000000003,0.0,0.0,0.0,0,1,0,0,0,0,0,0,0,0,0,0,0,0,0,0,0
77,11,15.4,7.7,2.6,2.6,0.0,0.0,0,1,0,0,0,0,0,0,0,0,0,0,0,0,0,0,0
26,5,0.0,20.0,3.8,0.0,0.0,20.0,0,1,0,0,0,0,0,0,0,0,0,0,0,0,0,0,0
36,7,0.0,11.1,2.8000000000000003,5.6000000000000005,0.0,22.2,0,1,0,0,0,0,0,0,0,0,0,0,0,0,0,0,0
79,13,35.699999999999996,0.0,5.1,1.3,0.0,7.1,0,1,0,0,0,0,0,0,0,0,0,0,0,0,0,0,0
24,5,0.0,0.0,8.3,0.0,0.0,16.7,0,1,0,0,0,0,0,0,0,0,0,0,0,0,0,0,0
51,10,0.0,10.0,3.9,0.0,0.0,20.0,0,1,0,0,0,0,0,0,0,0,0,0,0,0,0,0,0
24,4,25.0,25.0,0.0,0.0,0.0,0.0,0,1,0,0,0,0,0,0,0,0,0,0,0,0,0,0,0
73,15,0.0,0.0,5.5,0.0,0.0,6.7,0,1,0,0,0,0,0,0,0,0,0,0,0,0,0,0,0
54,6,0.0,8.3,0.0,11.1,0.0,0.0,0,1,0,0,0,0,0,0,0,0,0,0,0,0,0,0,0
40,7,0.0,9.1,0.0,5.0,18.2,27.3,0,0,0,0,0,0,0,0,0,0,0,0,0,1,0,0,0
15,3,0.0,0.0,0.0,0.0,0.0,33.300000000000004,0,1,0,0,0,0,0,0,0,0,0,0,0,0,0,0,0
30,4,0.0,25.0,0.0,0.0,0.0,25.0,0,1,0,0,0,0,0,0,0,0,0,0,0,0,0,0,0
30,7,0.0,0.0,3.3000000000000003,0.0,0.0,14.299999999999999,0,1,0,0,0,0,0,0,0,0,0,0,0,0,0,0,0
22,4,0.0,0.0,0.0,0.0,0.0,25.0,0,1,0,0,0,0,0,0,0,0,0,0,0,0,0,0,0
40,7,0.0,0.0,0.0,7.5,18.2,45.5,0,0,0,0,0,0,0,0,0,0,0,0,0,1,0,0,0
55,10,8.3,8.3,3.5999999999999996,3.5999999999999996,0.0,16.7,0,1,0,0,0,0,0,0,0,0,0,0,0,0,0,0,0
70,9,0.0,21.4,0.0,7.1,14.299999999999999,14.299999999999999,0,0,0,0,0,0,0,0,0,0,0,0,0,1,0,0,0
79,13,0.0,17.599999999999998,3.8,5.1,0.0,5.8999999999999995,0,1,0,0,0,0,0,0,0,0,0,0,0,0,0,0,0
9,2,0.0,0.0,11.1,11.1,0.0,0.0,0,1,0,0,0,0,0,0,0,0,0,0,0,0,0,0,0
36,6,0.0,14.299999999999999,0.0,2.8000000000000003,0.0,57.099999999999994,0,1,0,0,0,0,0,0,0,0,0,0,0,0,0,0,0
47,9,0.0,0.0,0.0,8.5,13.3,26.700000000000003,0,0,0,0,0,0,0,0,0,0,0,0,0,1,0,0,0
57,9,0.0,9.1,1.7999999999999998,3.5000000000000004,0.0,18.2,0,1,0,0,0,0,0,0,0,0,0,0,0,0,0,0,0
42,9,0.0,0.0,0.0,9.5,20.0,26.700000000000003,0,0,0,0,0,0,0,0,0,0,0,0,0,1,0,0,0
70,14,0.0,18.8,5.7,2.9000000000000004,0.0,6.2,0,1,0,0,0,0,0,0,0,0,0,0,0,0,0,0,0
43,5,16.7,16.7,0.0,4.7,0.0,0.0,0,1,0,0,0,0,0,0,0,0,0,0,0,0,0,0,0
31,8,0.0,0.0,0.0,16.1,23.1,38.5,0,0,0,0,0,0,0,0,0,0,1,0,0,0,0,0,0
28,4,0.0,16.7,0.0,7.1,33.300000000000004,0.0,0,0,0,0,0,0,0,0,0,0,0,0,0,1,0,0,0
74,12,7.1,7.1,5.4,2.7,0.0,28.599999999999998,0,1,0,0,0,0,0,0,0,0,0,0,0,0,0,0,0
68,11,0.0,7.7,2.9000000000000004,2.9000000000000004,7.7,30.8,0,1,0,0,0,0,0,0,0,0,0,0,0,0,0,0,0
73,12,8.3,25.0,5.5,0.0,0.0,8.3,0,1,0,0,0,0,0,0,0,0,0,0,0,0,0,0,0
35,5,0.0,0.0,2.9000000000000004,5.7,0.0,42.9,0,1,0,0,0,0,0,0,0,0,0,0,0,0,0,0,0
74,11,7.1,21.4,5.4,6.800000000000001,0.0,0.0,0,1,0,0,0,0,0,0,0,0,0,0,0,0,0,0,0
66,10,9.1,0.0,3.0,3.0,9.1,0.0,0,1,0,0,0,0,0,0,0,0,0,0,0,0,0,0,0
52,7,0.0,12.5,1.9,1.9,0.0,12.5,0,1,0,0,0,0,0,0,0,0,0,0,0,0,0,0,0
69,13,7.1,14.299999999999999,5.800000000000001,4.3,7.1,0.0,0,1,0,0,0,0,0,0,0,0,0,0,0,0,0,0,0
78,12,0.0,25.0,2.6,2.6,0.0,25.0,0,1,0,0,0,0,0,0,0,0,0,0,0,0,0,0,0
71,8,0.0,27.3,1.4000000000000001,4.2,0.0,0.0,0,1,0,0,0,0,0,0,0,0,0,0,0,0,0,0,0
43,7,0.0,25.0,2.3,7.000000000000001,12.5,0.0,0,1,0,0,0,0,0,0,0,0,0,0,0,0,0,0,0
58,9,0.0,9.1,1.7000000000000002,3.4000000000000004,18.2,45.5,0,1,0,0,0,0,0,0,0,0,0,0,0,0,0,0,0
71,15,6.2,0.0,5.6000000000000005,1.4000000000000001,6.2,25.0,0,1,0,0,0,0,0,0,0,0,0,0,0,0,0,0,0
28,7,0.0,0.0,3.5999999999999996,7.1,0.0,66.7,0,1,0,0,0,0,0,0,0,0,0,0,0,0,0,0,0
68,8,18.2,9.1,1.5,4.3999999999999995,0.0,9.1,0,1,0,0,0,0,0,0,0,0,0,0,0,0,0,0,0
66,9,18.2,9.1,3.0,3.0,0.0,9.1,0,1,0,0,0,0,0,0,0,0,0,0,0,0,0,0,0
10,1,0.0,0.0,0.0,10.0,0.0,0.0,0,1,0,0,0,0,0,0,0,0,0,0,0,0,0,0,0
68,12,7.7,23.1,2.9000000000000004,4.3999999999999995,0.0,30.8,0,1,0,0,0,0,0,0,0,0,0,0,0,0,0,0,0
12,2,0.0,0.0,0.0,8.3,0.0,0.0,0,1,0,0,0,0,0,0,0,0,0,0,0,0,0,0,0
58,11,8.3,8.3,5.2,1.7000000000000002,0.0,8.3,0,1,0,0,0,0,0,0,0,0,0,0,0,0,0,0,0
9,1,0.0,0.0,0.0,0.0,0.0,0.0,0,0,0,0,0,0,1,0,0,0,0,0,0,0,0,0,0
38,6,0.0,0.0,2.6,5.3,11.1,44.4,0,0,0,0,0,0,0,0,0,0,1,0,0,0,0,0,0
15,3,0.0,0.0,0.0,6.7,0.0,25.0,0,0,0,0,0,1,0,0,0,0,0,0,0,0,0,0,0
31,5,0.0,0.0,0.0,3.2,14.299999999999999,57.099999999999994,0,0,0,0,0,0,0,0,0,0,1,0,0,0,0,0,0
11,3,0.0,25.0,0.0,0.0,0.0,75.0,0,0,0,0,0,1,0,0,0,0,0,0,0,0,0,0,0
12,2,0.0,0.0,0.0,0.0,0.0,100.0,0,0,0,0,0,0,0,0,0,1,0,0,0,0,0,0,0
15,3,0.0,0.0,0.0,6.7,0.0,75.0,0,0,0,0,0,0,0,0,1,0,0,0,0,0,0,0,0
40,1,0.0,0.0,0.0,17.5,0.0,0.0,0,0,0,1,0,0,0,0,0,0,0,0,0,0,0,0,0
26,1,0.0,0.0,0.0,15.4,0.0,66.7,0,0,0,1,0,0,0,0,0,0,0,0,0,0,0,0,0
32,3,0.0,0.0,0.0,0.0,0.0,100.0,0,0,0,0,0,0,0,0,0,0,0,1,0,0,0,0,0
160,23,17.4,0.0,5.6000000000000005,1.9,0.0,17.4,0,0,0,0,0,0,0,0,0,0,0,1,0,0,0,0,0
23,2,0.0,0.0,0.0,0.0,0.0,100.0,0,0,0,0,0,0,1,0,0,0,0,0,0,0,0,0,0
20,2,0.0,0.0,0.0,0.0,0.0,100.0,0,0,0,0,0,0,0,0,0,0,1,0,0,0,0,0,0
60,9,0.0,0.0,1.7000000000000002,1.7000000000000002,11.1,44.4,0,0,0,0,0,0,0,0,0,0,0,0,0,0,1,0,0
161,26,23.1,11.5,4.3,0.0,0.0,7.7,0,0,0,0,0,0,0,0,0,0,0,0,0,0,1,0,0
39,9,0.0,0.0,2.6,5.1,18.2,54.50000000000001,0,0,0,0,0,0,0,0,0,0,1,0,0,0,0,0,0
64,13,14.299999999999999,0.0,7.8,3.1,0.0,21.4,0,1,0,0,0,0,0,0,0,0,0,0,0,0,0,0,0
84,14,14.299999999999999,0.0,4.8,0.0,0.0,28.599999999999998,0,1,0,0,0,0,0,0,0,0,0,0,0,0,0,0,0
27,5,0.0,0.0,0.0,0.0,20.0,80.0,0,0,0,0,0,0,0,0,0,0,1,0,0,0,0,0,0
45,6,0.0,0.0,2.1999999999999997,13.3,0.0,27.3,0,0,0,0,0,0,0,0,0,0,0,0,0,0,1,0,0
124,19,13.0,8.7,1.6,5.6000000000000005,4.3,39.1,0,0,0,0,0,0,0,0,0,0,0,0,0,0,1,0,0
9,1,0.0,0.0,0.0,0.0,0.0,0.0,0,0,0,0,0,0,0,0,0,0,1,0,0,0,0,0,0
33,6,14.299999999999999,0.0,6.1,3.0,14.299999999999999,0.0,0,1,0,0,0,0,0,0,0,0,0,0,0,0,0,0,0
19,5,20.0,0.0,5.3,0.0,0.0,20.0,0,1,0,0,0,0,0,0,0,0,0,0,0,0,0,0,0
20,4,0.0,25.0,0.0,0.0,0.0,75.0,0,0,0,0,0,0,0,0,0,0,0,0,0,0,1,0,0
42,8,12.5,0.0,4.8,0.0,0.0,37.5,0,0,0,0,0,0,0,0,0,0,0,0,0,0,1,0,0
19,3,0.0,0.0,0.0,5.3,0.0,25.0,0,0,0,0,0,0,0,0,0,0,0,0,0,0,1,0,0
23,7,14.299999999999999,0.0,13.0,0.0,0.0,14.299999999999999,0,0,0,0,0,0,0,0,0,0,0,0,0,0,1,0,0
24,6,16.7,0.0,8.3,0.0,0.0,16.7,0,0,0,0,0,0,0,0,0,0,0,0,0,0,1,0,0
10,1,0.0,0.0,0.0,0.0,0.0,0.0,0,0,0,0,0,0,1,0,0,0,0,0,0,0,0,0,0
62,8,12.5,0.0,1.6,1.6,12.5,62.5,0,0,0,0,0,0,0,0,0,0,0,0,0,1,0,0,0
271,41,11.4,6.800000000000001,4.1000000000000005,1.0999999999999999,0.0,22.7,0,1,0,0,0,0,0,0,0,0,0,0,0,0,0,0,0
40,6,0.0,0.0,2.5,0.0,0.0,83.3,0,1,0,0,0,0,0,0,0,0,0,0,0,0,0,0,0
87,15,12.5,0.0,5.7,1.0999999999999999,0.0,6.2,0,1,0,0,0,0,0,0,0,0,0,0,0,0,0,0,0
26,5,20.0,0.0,0.0,0.0,0.0,60.0,0,1,0,0,0,0,0,0,0,0,0,0,0,0,0,0,0
53,8,12.5,0.0,1.9,0.0,0.0,37.5,0,1,0,0,0,0,0,0,0,0,0,0,0,0,0,0,0
36,6,50.0,0.0,2.8000000000000003,0.0,0.0,0.0,0,1,0,0,0,0,0,0,0,0,0,0,0,0,0,0,0
43,7,14.299999999999999,14.299999999999999,4.7,0.0,0.0,14.299999999999999,0,1,0,0,0,0,0,0,0,0,0,0,0,0,0,0,0
69,11,0.0,6.7,0.0,5.800000000000001,6.7,60.0,0,0,0,0,0,0,0,0,0,0,1,0,0,0,0,0,0
120,19,15.0,5.0,5.0,0.0,0.0,0.0,0,1,0,0,0,0,0,0,0,0,0,0,0,0,0,0,0
184,30,12.1,9.1,4.9,1.6,0.0,9.1,0,1,0,0,0,0,0,0,0,0,0,0,0,0,0,0,0
124,21,9.5,4.8,4.8,0.0,0.0,4.8,0,1,0,0,0,0,0,0,0,0,0,0,0,0,0,0,0
80,15,6.7,6.7,6.2,0.0,6.7,6.7,0,1,0,0,0,0,0,0,0,0,0,0,0,0,0,0,0
30,6,16.7,0.0,3.3000000000000003,0.0,16.7,50.0,0,0,0,0,0,0,0,0,0,0,1,0,0,0,0,0,0
82,16,18.8,6.2,3.6999999999999997,0.0,6.2,12.5,0,1,0,0,0,0,0,0,0,0,0,0,0,0,0,0,0
80,16,6.2,6.2,5.0,0.0,0.0,43.8,0,1,0,0,0,0,0,0,0,0,0,0,0,0,0,0,0
111,17,11.799999999999999,5.8999999999999995,3.5999999999999996,0.0,0.0,5.8999999999999995,0,1,0,0,0,0,0,0,0,0,0,0,0,0,0,0,0
64,11,7.7,7.7,3.1,3.1,0.0,0.0,0,1,0,0,0,0,0,0,0,0,0,0,0,0,0,0,0
146,25,14.799999999999999,14.799999999999999,3.4000000000000004,1.4000000000000001,0.0,0.0,0,1,0,0,0,0,0,0,0,0,0,0,0,0,0,0,0
92,13,0.0,0.0,1.0999999999999999,2.1999999999999997,13.3,66.7,0,0,0,0,0,0,0,0,0,0,1,0,0,0,0,0,0
11,2,0.0,0.0,0.0,0.0,0.0,100.0,0,0,0,0,0,0,0,0,0,0,0,0,0,1,0,0,0
124,19,15.0,5.0,3.2,0.8,0.0,10.0,0,1,0,0,0,0,0,0,0,0,0,0,0,0,0,0,0
67,12,8.3,0.0,4.5,0.0,0.0,16.7,0,1,0,0,0,0,0,0,0,0,0,0,0,0,0,0,0
143,23,17.4,4.3,4.9,0.0,0.0,8.7,0,1,0,0,0,0,0,0,0,0,0,0,0,0,0,0,0
111,13,0.0,0.0,0.8999999999999999,1.7999999999999998,13.3,66.7,0,0,0,0,0,0,0,0,0,0,1,0,0,0,0,0,0
28,4,0.0,0.0,0.0,0.0,0.0,75.0,0,0,0,0,0,0,0,0,0,0,0,0,0,1,0,0,0
93,15,12.5,12.5,5.4,1.0999999999999999,0.0,25.0,0,1,0,0,0,0,0,0,0,0,0,0,0,0,0,0,0
168,31,12.1,6.1,6.0,0.6,0.0,9.1,0,1,0,0,0,0,0,0,0,0,0,0,0,0,0,0,0
107,15,20.0,6.7,2.8000000000000003,0.0,0.0,0.0,0,1,0,0,0,0,0,0,0,0,0,0,0,0,0,0,0
27,3,33.300000000000004,0.0,0.0,0.0,0.0,66.7,0,0,0,0,0,0,0,0,0,0,0,0,0,1,0,0,0
168,26,17.9,3.5999999999999996,4.8,1.2,0.0,3.5999999999999996,0,1,0,0,0,0,0,0,0,0,0,0,0,0,0,0,0
40,7,0.0,12.5,2.5,2.5,0.0,12.5,0,1,0,0,0,0,0,0,0,0,0,0,0,0,0,0,0
14,2,0.0,0.0,0.0,0.0,0.0,0.0,0,0,0,0,0,0,0,0,0,0,0,0,0,1,0,0,0
155,23,10.7,7.1,3.9,3.2,0.0,7.1,0,1,0,0,0,0,0,0,0,0,0,0,0,0,0,0,0
35,2,0.0,0.0,0.0,0.0,0.0,0.0,0,0,0,0,0,0,1,0,0,0,0,0,0,0,0,0,0
14,2,0.0,0.0,0.0,0.0,0.0,100.0,0,0,0,0,0,0,0,0,0,1,0,0,0,0,0,0,0
9,2,0.0,0.0,0.0,11.1,0.0,66.7,0,0,0,1,0,0,0,0,0,0,0,0,0,0,0,0,0
13,2,0.0,0.0,0.0,23.1,25.0,0.0,0,0,0,1,0,0,0,0,0,0,0,0,0,0,0,0,0
24,1,0.0,0.0,0.0,8.3,33.300000000000004,0.0,0,0,0,1,0,0,0,0,0,0,0,0,0,0,0,0,0
6,1,0.0,0.0,0.0,0.0,0.0,0.0,0,0,0,0,0,0,1,0,0,0,0,0,0,0,0,0,0
10,1,0.0,0.0,0.0,0.0,0.0,0.0,0,0,0,0,0,0,0,0,0,0,0,1,0,0,0,0,0
14,2,0.0,0.0,0.0,0.0,0.0,100.0,0,0,0,0,0,0,0,0,0,0,0,1,0,0,0,0,0
15,2,0.0,0.0,0.0,0.0,0.0,100.0,0,0,0,0,0,0,0,0,0,0,0,1,0,0,0,0,0
13,2,0.0,0.0,0.0,0.0,0.0,100.0,0,0,0,0,0,0,0,0,0,0,0,1,0,0,0,0,0
11,2,0.0,0.0,0.0,0.0,0.0,100.0,0,0,0,0,0,0,0,0,0,0,0,1,0,0,0,0,0
24,3,0.0,33.300000000000004,0.0,0.0,0.0,66.7,0,0,0,0,0,0,0,0,0,0,0,1,0,0,0,0,0
10,2,0.0,0.0,0.0,0.0,0.0,50.0,0,0,0,0,0,0,0,0,0,0,0,1,0,0,0,0,0
5,2,0.0,0.0,20.0,0.0,0.0,66.7,0,0,0,0,0,0,0,0,0,0,0,1,0,0,0,0,0
16,2,0.0,50.0,0.0,0.0,0.0,0.0,0,0,0,0,0,0,0,0,0,0,0,1,0,0,0,0,0
17,2,0.0,0.0,0.0,0.0,0.0,50.0,0,0,0,0,0,0,0,0,0,0,0,1,0,0,0,0,0
8,2,0.0,0.0,0.0,0.0,0.0,0.0,0,0,0,0,0,0,0,0,0,0,0,1,0,0,0,0,0
14,2,50.0,0.0,0.0,0.0,0.0,50.0,0,0,0,0,0,0,0,0,0,0,0,1,0,0,0,0,0
10,1,0.0,0.0,0.0,0.0,0.0,0.0,0,0,0,0,0,0,1,0,0,0,0,0,0,0,0,0,0
17,5,0.0,0.0,0.0,17.599999999999998,0.0,57.099999999999994,0,0,0,0,0,0,0,0,0,0,1,0,0,0,0,0,0
20,3,0.0,0.0,0.0,0.0,0.0,100.0,0,0,0,0,0,0,0,0,0,0,0,0,0,1,0,0,0
18,3,0.0,0.0,0.0,5.6000000000000005,25.0,25.0,0,0,0,0,1,0,0,0,0,0,0,0,0,0,0,0,0
133,19,4.2,4.2,2.3,5.3,0.0,4.2,0,1,0,0,0,0,0,0,0,0,0,0,0,0,0,0,0
51,9,20.0,20.0,5.8999999999999995,2.0,0.0,10.0,0,1,0,0,0,0,0,0,0,0,0,0,0,0,0,0,0
42,8,0.0,0.0,0.0,7.1,0.0,70.0,0,0,0,0,0,0,0,0,0,0,1,0,0,0,0,0,0
22,3,0.0,0.0,0.0,0.0,0.0,100.0,0,0,0,0,0,0,0,0,0,0,0,0,0,1,0,0,0
24,4,0.0,0.0,0.0,4.2,40.0,40.0,0,0,0,0,1,0,0,0,0,0,0,0,0,0,0,0,0
90,12,7.1,21.4,3.3000000000000003,2.1999999999999997,0.0,7.1,0,1,0,0,0,0,0,0,0,0,0,0,0,0,0,0,0
59,8,0.0,10.0,1.7000000000000002,3.4000000000000004,0.0,10.0,0,1,0,0,0,0,0,0,0,0,0,0,0,0,0,0,0
24,4,0.0,20.0,0.0,8.3,0.0,60.0,0,0,0,0,0,0,0,0,0,0,1,0,0,0,0,0,0
24,3,0.0,33.300000000000004,0.0,0.0,0.0,0.0,0,0,0,0,0,0,0,0,0,0,0,0,0,1,0,0,0
18,5,0.0,0.0,0.0,16.7,37.5,0.0,0,0,0,0,1,0,0,0,0,0,0,0,0,0,0,0,0
36,6,0.0,0.0,2.8000000000000003,2.8000000000000003,0.0,14.299999999999999,0,1,0,0,0,0,0,0,0,0,0,0,0,0,0,0,0
52,9,0.0,0.0,5.800000000000001,1.9,0.0,10.0,0,1,0,0,0,0,0,0,0,0,0,0,0,0,0,0,0
47,5,0.0,16.7,0.0,4.3,0.0,16.7,0,1,0,0,0,0,0,0,0,0,0,0,0,0,0,0,0
35,7,0.0,0.0,5.7,2.9000000000000004,0.0,12.5,0,1,0,0,0,0,0,0,0,0,0,0,0,0,0,0,0
79,13,13.3,6.7,3.8,2.5,0.0,13.3,0,1,0,0,0,0,0,0,0,0,0,0,0,0,0,0,0
41,7,0.0,12.5,4.9,2.4,0.0,12.5,0,1,0,0,0,0,0,0,0,0,0,0,0,0,0,0,0
75,13,6.7,0.0,2.7,2.7,0.0,20.0,0,1,0,0,0,0,0,0,0,0,0,0,0,0,0,0,0
72,13,0.0,7.1,6.9,1.4000000000000001,0.0,35.699999999999996,0,1,0,0,0,0,0,0,0,0,0,0,0,0,0,0,0
16,2,0.0,0.0,0.0,0.0,0.0,100.0,0,0,0,0,0,0,0,0,0,0,0,0,0,1,0,0,0
97,17,9.1,0.0,4.1000000000000005,5.2,13.600000000000001,0.0,0,1,0,0,0,0,0,0,0,0,0,0,0,0,0,0,0
41,9,9.1,9.1,4.9,4.9,0.0,9.1,0,1,0,0,0,0,0,0,0,0,0,0,0,0,0,0,0
81,14,0.0,0.0,3.6999999999999997,6.2,0.0,5.3,0,1,0,0,0,0,0,0,0,0,0,0,0,0,0,0,0
75,13,7.1,21.4,4.0,1.3,0.0,7.1,0,1,0,0,0,0,0,0,0,0,0,0,0,0,0,0,0
22,3,0.0,0.0,0.0,0.0,0.0,100.0,0,0,0,0,0,0,0,0,0,0,0,0,0,1,0,0,0
18,5,0.0,0.0,0.0,16.7,37.5,0.0,0,0,0,0,1,0,0,0,0,0,0,0,0,0,0,0,0
111,18,18.2,4.5,2.7,3.5999999999999996,0.0,4.5,0,1,0,0,0,0,0,0,0,0,0,0,0,0,0,0,0
145,23,3.0,9.1,2.8000000000000003,6.9,0.0,3.0,0,1,0,0,0,0,0,0,0,0,0,0,0,0,0,0,0
137,21,4.0,4.0,2.9000000000000004,2.9000000000000004,0.0,4.0,0,1,0,0,0,0,0,0,0,0,0,0,0,0,0,0,0
9,1,0.0,0.0,0.0,0.0,0.0,0.0,0,0,0,0,0,0,0,0,0,0,0,0,0,1,0,0,0
3,1,0.0,0.0,0.0,0.0,0.0,0.0,0,0,0,0,0,0,0,0,0,0,1,0,0,0,0,0,0
20,3,0.0,0.0,0.0,5.0,25.0,25.0,0,0,0,0,1,0,0,0,0,0,0,0,0,0,0,0,0
30,5,0.0,0.0,3.3000000000000003,0.0,0.0,80.0,0,0,0,0,0,0,0,0,0,0,1,0,0,0,0,0,0
39,7,0.0,25.0,0.0,15.4,16.7,16.7,0,0,0,0,0,0,0,0,0,0,0,0,0,0,0,1,0
9,1,0.0,0.0,0.0,0.0,0.0,0.0,0,0,0,0,0,0,1,0,0,0,0,0,0,0,0,0,0
80,11,0.0,0.0,1.3,3.6999999999999997,0.0,76.9,0,0,0,0,0,0,0,0,0,0,1,0,0,0,0,0,0
39,5,0.0,0.0,2.6,0.0,0.0,40.0,0,0,0,0,0,0,0,0,0,0,0,0,0,0,1,0,0
12,3,0.0,0.0,0.0,8.3,50.0,25.0,0,0,0,0,1,0,0,0,0,0,0,0,0,0,0,0,0
31,3,0.0,0.0,0.0,0.0,0.0,100.0,0,0,1,0,0,0,0,0,0,0,0,0,0,0,0,0,0
42,7,0.0,0.0,2.4,0.0,14.299999999999999,57.099999999999994,0,0,0,0,0,0,0,0,0,0,0,0,0,0,1,0,0
21,6,0.0,0.0,0.0,14.299999999999999,44.4,22.2,0,0,0,0,1,0,0,0,0,0,0,0,0,0,0,0,0
110,9,0.0,0.0,0.0,3.5999999999999996,0.0,81.8,0,0,1,0,0,0,0,0,0,0,0,0,0,0,0,0,0
22,4,0.0,0.0,0.0,4.5,40.0,40.0,0,0,0,0,1,0,0,0,0,0,0,0,0,0,0,0,0
8,1,0.0,0.0,0.0,0.0,0.0,0.0,0,0,0,0,0,0,0,0,0,0,1,0,0,0,0,0,0
66,11,16.7,16.7,4.5,1.5,0.0,0.0,0,0,0,0,0,0,0,0,0,0,0,0,0,0,1,0,0
6,1,0.0,0.0,0.0,0.0,0.0,0.0,0,0,0,0,0,0,0,0,0,0,0,0,0,0,1,0,0
6,1,100.0,0.0,0.0,0.0,0.0,0.0,0,0,0,0,0,0,0,0,0,0,0,1,0,0,0,0,0
32,3,0.0,33.300000000000004,0.0,0.0,0.0,33.300000000000004,0,0,0,0,0,0,0,0,0,0,0,0,0,0,1,0,0
18,2,0.0,0.0,0.0,0.0,0.0,100.0,0,0,0,0,0,0,0,0,0,0,0,0,0,0,1,0,0
43,6,0.0,0.0,2.3,0.0,0.0,83.3,0,0,0,0,0,0,0,0,0,0,0,0,0,0,1,0,0
24,3,33.300000000000004,0.0,0.0,0.0,0.0,66.7,0,0,0,0,0,0,0,0,0,0,0,0,0,0,1,0,0
22,3,0.0,0.0,0.0,0.0,0.0,100.0,0,0,0,0,0,0,0,0,0,0,0,0,0,0,1,0,0
9,2,0.0,0.0,0.0,11.1,0.0,100.0,0,0,0,0,0,0,0,0,0,0,0,0,0,0,1,0,0
14,2,0.0,0.0,0.0,0.0,0.0,100.0,0,0,0,0,0,0,0,0,0,0,0,0,0,0,1,0,0
19,3,0.0,0.0,0.0,0.0,0.0,100.0,0,0,0,0,0,0,0,0,0,0,0,0,0,0,1,0,0
27,3,0.0,0.0,0.0,0.0,0.0,100.0,0,0,0,0,0,0,0,0,0,0,0,0,0,0,1,0,0
13,4,0.0,0.0,0.0,0.0,0.0,100.0,0,0,0,0,0,0,0,0,0,0,0,0,0,0,1,0,0
23,4,0.0,0.0,4.3,0.0,0.0,75.0,0,0,0,0,0,0,0,0,0,0,0,0,0,0,1,0,0
36,5,0.0,0.0,2.8000000000000003,0.0,0.0,60.0,0,0,0,0,0,0,0,0,0,0,0,0,0,0,1,0,0
17,3,0.0,0.0,0.0,0.0,0.0,66.7,0,0,0,0,0,0,0,0,0,0,0,0,0,0,1,0,0
36,4,0.0,0.0,0.0,0.0,0.0,75.0,0,0,0,0,0,0,0,0,0,0,0,0,0,0,1,0,0
29,3,33.300000000000004,0.0,0.0,0.0,0.0,0.0,0,0,0,0,0,0,0,0,0,0,0,0,0,0,1,0,0
6,1,0.0,0.0,0.0,0.0,0.0,0.0,0,0,0,0,0,0,1,0,0,0,0,0,0,0,0,0,0
17,3,0.0,0.0,0.0,0.0,0.0,100.0,1,0,0,0,0,0,0,0,0,0,0,0,0,0,0,0,0
27,4,0.0,0.0,0.0,0.0,0.0,100.0,1,0,0,0,0,0,0,0,0,0,0,0,0,0,0,0,0
21,3,0.0,0.0,0.0,0.0,0.0,100.0,1,0,0,0,0,0,0,0,0,0,0,0,0,0,0,0,0
40,6,0.0,0.0,0.0,0.0,0.0,83.3,1,0,0,0,0,0,0,0,0,0,0,0,0,0,0,0,0
12,2,0.0,0.0,0.0,0.0,0.0,100.0,0,0,0,0,0,0,0,0,0,1,0,0,0,0,0,0,0
29,7,0.0,0.0,0.0,0.0,28.599999999999998,71.39999999999999,0,0,0,1,0,0,0,0,0,0,0,0,0,0,0,0,0
75,4,0.0,10.0,0.0,18.7,20.0,10.0,0,0,0,1,0,0,0,0,0,0,0,0,0,0,0,0,0
25,3,0.0,0.0,0.0,8.0,0.0,20.0,0,0,0,0,0,0,1,0,0,0,0,0,0,0,0,0,0
28,5,0.0,16.7,3.5999999999999996,3.5999999999999996,0.0,16.7,0,0,0,0,0,0,0,0,0,0,0,1,0,0,0,0,0
26,4,0.0,0.0,3.8,0.0,0.0,0.0,0,0,0,0,0,0,0,0,0,0,0,1,0,0,0,0,0
32,7,0.0,0.0,6.2,0.0,0.0,14.299999999999999,0,0,0,0,0,0,0,0,0,0,0,1,0,0,0,0,0
38,6,0.0,16.7,5.3,2.6,0.0,16.7,0,0,0,0,0,0,0,0,0,0,0,1,0,0,0,0,0
8,2,0.0,0.0,12.5,0.0,0.0,0.0,0,0,0,0,0,0,0,0,0,0,0,1,0,0,0,0,0
28,5,0.0,50.0,0.0,3.5999999999999996,0.0,16.7,0,0,0,0,0,0,0,0,0,0,0,1,0,0,0,0,0
35,7,0.0,0.0,5.7,0.0,0.0,14.299999999999999,0,0,0,0,0,0,0,0,0,0,0,1,0,0,0,0,0
24,4,0.0,25.0,4.2,0.0,0.0,25.0,0,0,0,0,0,0,0,0,0,0,0,1,0,0,0,0,0
34,6,16.7,0.0,2.9000000000000004,0.0,0.0,16.7,0,0,0,0,0,0,0,0,0,0,0,1,0,0,0,0,0
28,3,33.300000000000004,0.0,0.0,0.0,0.0,0.0,0,0,0,0,0,0,0,0,0,0,0,1,0,0,0,0,0
36,4,0.0,50.0,0.0,0.0,0.0,0.0,0,0,0,0,0,0,0,0,0,0,0,1,0,0,0,0,0
9,1,0.0,0.0,0.0,0.0,0.0,0.0,0,0,0,0,0,0,0,0,0,0,0,1,0,0,0,0,0
32,8,12.5,12.5,6.2,0.0,0.0,12.5,0,0,0,0,0,0,0,0,0,0,0,1,0,0,0,0,0
7,1,100.0,0.0,0.0,0.0,0.0,0.0,0,0,0,0,0,0,0,0,0,0,0,1,0,0,0,0,0
29,5,0.0,0.0,6.9,0.0,0.0,20.0,0,0,0,0,0,0,0,0,0,0,0,1,0,0,0,0,0
17,2,0.0,50.0,0.0,0.0,0.0,0.0,0,0,0,0,0,0,0,0,0,0,0,1,0,0,0,0,0
29,6,0.0,33.300000000000004,3.4000000000000004,0.0,0.0,50.0,0,0,0,0,0,0,0,0,0,0,0,1,0,0,0,0,0
33,4,0.0,25.0,0.0,0.0,0.0,75.0,0,0,0,0,0,0,0,0,0,0,0,1,0,0,0,0,0
29,5,0.0,0.0,3.4000000000000004,0.0,0.0,60.0,0,0,0,0,0,0,0,0,0,0,0,1,0,0,0,0,0
10,1,0.0,0.0,0.0,0.0,0.0,0.0,0,0,0,0,0,0,0,0,0,0,0,1,0,0,0,0,0
10,1,0.0,0.0,0.0,0.0,0.0,0.0,0,0,0,0,0,0,1,0,0,0,0,0,0,0,0,0,0
41,7,0.0,0.0,0.0,4.9,12.5,62.5,0,0,0,0,0,0,0,0,0,0,1,0,0,0,0,0,0
23,4,0.0,0.0,0.0,4.3,0.0,100.0,0,0,0,0,0,0,0,0,1,0,0,0,0,0,0,0,0
16,2,0.0,0.0,0.0,6.2,0.0,100.0,0,0,0,0,0,0,0,0,0,0,0,0,0,1,0,0,0
89,15,6.2,6.2,5.6000000000000005,1.0999999999999999,0.0,12.5,0,1,0,0,0,0,0,0,0,0,0,0,0,0,0,0,0
92,15,4.3,4.3,5.4,6.5,4.3,17.4,0,1,0,0,0,0,0,0,0,0,0,0,0,0,0,0,0
83,20,18.2,0.0,10.8,2.4,4.5,0.0,0,1,0,0,0,0,0,0,0,0,0,0,0,0,0,0,0
89,14,20.0,13.3,4.5,1.0999999999999999,0.0,13.3,0,1,0,0,0,0,0,0,0,0,0,0,0,0,0,0,0
32,4,0.0,0.0,3.1,0.0,0.0,0.0,0,1,0,0,0,0,0,0,0,0,0,0,0,0,0,0,0
23,6,0.0,0.0,0.0,4.3,28.599999999999998,42.9,0,0,0,0,0,0,0,0,0,0,1,0,0,0,0,0,0
12,3,0.0,0.0,0.0,0.0,0.0,100.0,0,0,0,0,0,0,0,0,1,0,0,0,0,0,0,0,0
9,1,0.0,0.0,0.0,0.0,0.0,0.0,0,0,0,0,0,0,0,0,0,0,0,0,0,1,0,0,0
89,16,17.599999999999998,0.0,4.5,1.0999999999999999,0.0,17.599999999999998,0,1,0,0,0,0,0,0,0,0,0,0,0,0,0,0,0
87,17,5.6000000000000005,16.7,8.0,1.0999999999999999,0.0,0.0,0,1,0,0,0,0,0,0,0,0,0,0,0,0,0,0,0
82,13,6.2,6.2,3.6999999999999997,3.6999999999999997,0.0,6.2,0,1,0,0,0,0,0,0,0,0,0,0,0,0,0,0,0
58,10,7.7,0.0,3.4000000000000004,5.2,0.0,0.0,0,1,0,0,0,0,0,0,0,0,0,0,0,0,0,0,0
29,7,0.0,0.0,0.0,3.4000000000000004,25.0,50.0,0,0,0,0,0,0,0,0,0,0,1,0,0,0,0,0,0
12,3,0.0,0.0,0.0,0.0,0.0,100.0,0,0,0,0,0,0,0,0,1,0,0,0,0,0,0,0,0
9,1,0.0,0.0,0.0,0.0,0.0,0.0,0,0,0,0,0,0,0,0,0,0,0,0,0,1,0,0,0
86,17,0.0,21.099999999999998,5.800000000000001,2.3,0.0,5.3,0,0,1,0,0,0,0,0,0,0,0,0,0,0,0,0,0
84,14,25.0,6.2,3.5999999999999996,2.4,0.0,12.5,0,1,0,0,0,0,0,0,0,0,0,0,0,0,0,0,0
88,15,0.0,5.6000000000000005,3.4000000000000004,3.4000000000000004,0.0,11.1,0,1,0,0,0,0,0,0,0,0,0,0,0,0,0,0,0
34,7,14.299999999999999,0.0,5.8999999999999995,0.0,0.0,0.0,0,1,0,0,0,0,0,0,0,0,0,0,0,0,0,0,0
28,6,0.0,0.0,0.0,3.5999999999999996,28.599999999999998,57.099999999999994,0,0,0,0,0,0,0,0,0,0,1,0,0,0,0,0,0
10,2,0.0,0.0,0.0,0.0,0.0,100.0,0,0,0,0,0,0,0,0,1,0,0,0,0,0,0,0,0
9,1,0.0,0.0,0.0,0.0,0.0,0.0,0,0,0,0,0,0,0,0,0,0,0,0,0,1,0,0,0
91,15,11.1,0.0,3.3000000000000003,3.3000000000000003,0.0,16.7,0,1,0,0,0,0,0,0,0,0,0,0,0,0,0,0,0
88,16,0.0,10.5,4.5,3.4000000000000004,0.0,5.3,0,1,0,0,0,0,0,0,0,0,0,0,0,0,0,0,0
71,11,0.0,7.7,1.4000000000000001,2.8000000000000003,0.0,7.7,0,1,0,0,0,0,0,0,0,0,0,0,0,0,0,0,0
35,8,0.0,0.0,0.0,5.7,22.2,55.60000000000001,0,0,0,0,0,0,0,0,0,0,1,0,0,0,0,0,0
8,2,0.0,0.0,0.0,0.0,0.0,100.0,0,0,0,0,0,0,0,0,1,0,0,0,0,0,0,0,0
9,1,0.0,0.0,0.0,0.0,0.0,0.0,0,0,0,0,0,0,0,0,0,0,0,0,0,1,0,0,0
92,15,5.3,21.099999999999998,4.3,4.3,0.0,5.3,0,1,0,0,0,0,0,0,0,0,0,0,0,0,0,0,0
83,17,5.6000000000000005,22.2,4.8,1.2,0.0,0.0,0,1,0,0,0,0,0,0,0,0,0,0,0,0,0,0,0
90,16,0.0,11.1,4.3999999999999995,2.1999999999999997,0.0,5.6000000000000005,0,1,0,0,0,0,0,0,0,0,0,0,0,0,0,0,0
89,16,11.799999999999999,5.8999999999999995,4.5,1.0999999999999999,0.0,0.0,0,1,0,0,0,0,0,0,0,0,0,0,0,0,0,0,0
41,7,0.0,0.0,4.9,7.3,0.0,0.0,0,1,0,0,0,0,0,0,0,0,0,0,0,0,0,0,0
30,7,0.0,0.0,0.0,3.3000000000000003,25.0,62.5,0,0,0,0,0,0,0,0,0,0,1,0,0,0,0,0,0
11,2,0.0,0.0,0.0,0.0,0.0,100.0,0,0,0,0,0,0,0,0,1,0,0,0,0,0,0,0,0
38,5,0.0,0.0,0.0,5.3,0.0,100.0,0,0,0,0,0,0,0,0,0,0,0,0,0,1,0,0,0
83,15,5.8999999999999995,5.8999999999999995,4.8,3.5999999999999996,5.8999999999999995,17.599999999999998,0,1,0,0,0,0,0,0,0,0,0,0,0,0,0,0,0
89,16,5.6000000000000005,16.7,5.6000000000000005,2.1999999999999997,0.0,5.6000000000000005,0,1,0,0,0,0,0,0,0,0,0,0,0,0,0,0,0
81,17,10.5,0.0,7.3999999999999995,2.5,0.0,31.6,0,1,0,0,0,0,0,0,0,0,0,0,0,0,0,0,0
87,15,5.8999999999999995,5.8999999999999995,5.7,2.3,0.0,0.0,0,1,0,0,0,0,0,0,0,0,0,0,0,0,0,0,0
89,17,10.0,10.0,5.6000000000000005,3.4000000000000004,0.0,0.0,0,1,0,0,0,0,0,0,0,0,0,0,0,0,0,0,0
9,1,0.0,0.0,0.0,0.0,0.0,0.0,0,0,0,0,0,0,1,0,0,0,0,0,0,0,0,0,0
46,8,0.0,0.0,2.1999999999999997,4.3,20.0,40.0,0,0,0,0,0,0,0,0,0,0,1,0,0,0,0,0,0
79,12,8.3,0.0,3.8,1.3,8.3,58.3,0,0,0,0,0,1,0,0,0,0,0,0,0,0,0,0,0
23,4,0.0,0.0,0.0,0.0,0.0,100.0,0,0,0,0,0,0,0,0,0,0,0,0,0,1,0,0,0
23,3,0.0,33.300000000000004,0.0,0.0,0.0,66.7,0,0,0,0,0,0,0,0,0,0,0,0,0,1,0,0,0
28,6,14.299999999999999,0.0,3.5999999999999996,0.0,0.0,85.7,0,0,0,0,0,0,0,0,0,0,0,0,0,1,0,0,0
25,4,0.0,0.0,0.0,0.0,0.0,100.0,0,0,0,0,0,0,0,0,0,0,0,0,0,1,0,0,0
49,9,0.0,0.0,0.0,4.1000000000000005,18.2,63.6,0,0,0,0,0,0,0,0,0,0,0,0,0,0,0,1,0
87,11,14.299999999999999,7.1,1.0999999999999999,3.4000000000000004,7.1,35.699999999999996,0,0,0,0,0,1,0,0,0,0,0,0,0,0,0,0,0
28,4,0.0,0.0,0.0,3.5999999999999996,0.0,60.0,0,0,0,0,0,1,0,0,0,0,0,0,0,0,0,0,0
26,5,0.0,0.0,0.0,0.0,0.0,100.0,0,0,0,0,0,0,0,0,0,0,1,0,0,0,0,0,0
28,5,0.0,0.0,0.0,0.0,0.0,100.0,0,0,0,0,0,0,0,0,0,0,1,0,0,0,0,0,0
58,8,0.0,0.0,1.7000000000000002,0.0,0.0,87.5,0,0,0,0,0,0,0,0,0,0,0,0,0,1,0,0,0
43,5,0.0,0.0,0.0,0.0,0.0,100.0,0,0,0,0,0,0,0,0,0,0,0,0,0,1,0,0,0
50,7,0.0,0.0,2.0,0.0,0.0,85.7,0,0,0,0,0,0,0,0,0,0,0,0,0,1,0,0,0
69,11,0.0,18.2,5.800000000000001,0.0,0.0,36.4,0,0,0,0,0,0,0,0,0,0,1,0,0,0,0,0,0
10,1,0.0,0.0,0.0,0.0,0.0,0.0,0,0,0,0,0,0,1,0,0,0,0,0,0,0,0,0,0
20,3,0.0,33.300000000000004,0.0,0.0,0.0,0.0,0,0,0,0,0,0,0,0,0,0,0,0,0,0,0,1,0
6,1,0.0,0.0,0.0,16.7,0.0,50.0,0,0,0,0,0,0,0,0,0,0,0,0,0,0,0,1,0
18,2,0.0,0.0,0.0,5.6000000000000005,0.0,100.0,0,0,0,0,0,0,0,0,0,1,0,0,0,0,0,0,0
7,1,0.0,0.0,0.0,0.0,0.0,0.0,0,0,0,0,0,0,1,0,0,0,0,0,0,0,0,0,0
75,13,14.299999999999999,14.299999999999999,6.7,2.7,7.1,0.0,0,0,0,0,0,0,0,0,0,0,0,0,1,0,0,0,0
75,14,20.0,0.0,9.3,1.3,0.0,0.0,0,0,0,0,0,0,0,0,0,0,0,0,1,0,0,0,0
75,16,16.7,5.6000000000000005,9.3,1.3,0.0,5.6000000000000005,0,0,0,0,0,0,0,0,0,0,0,0,1,0,0,0,0
22,3,0.0,0.0,0.0,4.5,0.0,50.0,0,0,0,0,0,0,0,0,0,0,0,0,1,0,0,0,0
10,1,0.0,0.0,0.0,0.0,0.0,0.0,0,0,0,0,0,0,1,0,0,0,0,0,0,0,0,0,0
50,44,2.0,0.0,0.0,10.0,12.2,67.30000000000001,0,0,0,0,0,0,0,0,0,0,0,0,0,1,0,0,0
75,11,27.3,9.1,5.3,0.0,0.0,0.0,0,1,0,0,0,0,0,0,0,0,0,0,0,0,0,0,0
72,12,23.1,7.7,6.9,1.4000000000000001,0.0,0.0,0,1,0,0,0,0,0,0,0,0,0,0,0,0,0,0,0
20,3,0.0,25.0,0.0,5.0,0.0,0.0,0,1,0,0,0,0,0,0,0,0,0,0,0,0,0,0,0
55,49,0.0,1.9,0.0,9.1,11.1,64.8,0,0,0,0,0,0,0,0,0,0,0,0,0,1,0,0,0
69,10,27.3,9.1,2.9000000000000004,1.4000000000000001,0.0,0.0,0,1,0,0,0,0,0,0,0,0,0,0,0,0,0,0,0
71,10,0.0,9.1,4.2,4.2,0.0,9.1,0,1,0,0,0,0,0,0,0,0,0,0,0,0,0,0,0
12,1,0.0,0.0,0.0,8.3,0.0,0.0,0,1,0,0,0,0,0,0,0,0,0,0,0,0,0,0,0
9,8,0.0,0.0,0.0,0.0,0.0,75.0,0,0,0,0,0,0,1,0,0,0,0,0,0,0,0,0,0
53,46,2.0,0.0,0.0,7.5,7.8,76.5,0,0,0,0,0,0,0,0,0,0,1,0,0,0,0,0,0
18,2,0.0,0.0,0.0,0.0,0.0,50.0,0,0,0,0,0,0,1,0,0,0,0,0,0,0,0,0,0
52,47,2.0,0.0,0.0,5.800000000000001,0.0,78.4,0,0,0,0,0,0,0,0,0,0,1,0,0,0,0,0,0
38,7,0.0,0.0,0.0,10.5,20.0,50.0,0,0,0,0,0,0,0,0,0,0,0,0,0,0,1,0,0
19,2,0.0,0.0,0.0,0.0,0.0,100.0,0,0,0,0,0,0,0,1,0,0,0,0,0,0,0,0,0
53,46,2.0,0.0,0.0,7.5,15.7,72.5,0,0,0,0,0,0,0,0,0,0,0,0,0,0,0,0,1
12,1,0.0,0.0,0.0,16.7,100.0,0.0,0,0,0,1,0,0,0,0,0,0,0,0,0,0,0,0,0
5,1,0.0,0.0,0.0,0.0,0.0,0.0,0,0,0,0,0,0,1,0,0,0,0,0,0,0,0,0,0
32,28,0.0,0.0,0.0,9.4,25.8,67.7,0,0,0,1,0,0,0,0,0,0,0,0,0,0,0,0,0
7,1,0.0,0.0,0.0,0.0,0.0,0.0,0,0,0,0,0,0,1,0,0,0,0,0,0,0,0,0,0
19,1,0.0,0.0,0.0,10.5,0.0,100.0,0,0,0,1,0,0,0,0,0,0,0,0,0,0,0,0,0
5,1,0.0,0.0,0.0,0.0,0.0,0.0,0,0,0,1,0,0,0,0,0,0,0,0,0,0,0,0,0
10,2,0.0,0.0,0.0,0.0,0.0,100.0,0,0,0,0,0,0,0,0,0,1,0,0,0,0,0,0,0
9,1,0.0,0.0,0.0,0.0,0.0,0.0,0,0,0,0,0,0,1,0,0,0,0,0,0,0,0,0,0
89,1,0.0,0.0,0.0,100.0,0.0,0.0,0,0,0,0,0,0,0,0,0,0,0,0,0,0,0,1,0
44,7,0.0,0.0,2.3,9.1,10.0,40.0,0,0,0,0,0,1,0,0,0,0,0,0,0,0,0,0,0
76,12,0.0,0.0,1.3,5.3,6.7,66.7,0,0,0,0,0,0,0,0,0,0,1,0,0,0,0,0,0
20,2,0.0,0.0,0.0,0.0,0.0,100.0,0,0,0,0,0,0,0,0,0,0,1,0,0,0,0,0,0
61,11,0.0,0.0,1.6,8.200000000000001,20.0,40.0,0,0,0,0,0,0,0,0,0,0,0,0,0,0,1,0,0
89,13,5.8999999999999995,5.8999999999999995,1.0999999999999999,6.7,23.5,35.3,0,0,0,0,0,0,0,0,0,0,0,0,0,0,1,0,0
23,4,0.0,0.0,0.0,4.3,20.0,40.0,0,0,0,0,0,0,0,0,0,0,1,0,0,0,0,0,0
85,14,0.0,6.7,5.8999999999999995,1.2,0.0,13.3,0,0,0,0,0,0,0,0,0,0,0,0,0,0,1,0,0
117,2,0.0,0.0,0.0,76.9,0.0,50.0,0,0,0,0,0,0,1,0,0,0,0,0,0,0,0,0,0
31,4,0.0,0.0,0.0,0.0,25.0,75.0,0,0,1,0,0,0,0,0,0,0,0,0,0,0,0,0,0
27,5,0.0,0.0,0.0,0.0,20.0,80.0,0,0,1,0,0,0,0,0,0,0,0,0,0,0,0,0,0
38,5,0.0,0.0,0.0,0.0,20.0,80.0,0,0,1,0,0,0,0,0,0,0,0,0,0,0,0,0,0
34,6,0.0,0.0,0.0,0.0,33.300000000000004,66.7,0,0,1,0,0,0,0,0,0,0,0,0,0,0,0,0,0
12,2,0.0,0.0,0.0,8.3,0.0,66.7,0,0,0,0,0,0,1,0,0,0,0,0,0,0,0,0,0
88,1,0.0,0.0,0.0,100.0,0.0,0.0,0,0,0,0,0,0,0,0,0,0,0,0,0,0,0,1,0
52,7,0.0,0.0,0.0,11.5,0.0,53.800000000000004,0,0,0,0,0,0,0,0,0,0,0,1,0,0,0,0,0
14,2,0.0,0.0,0.0,14.299999999999999,0.0,66.7,0,0,0,0,0,0,0,0,0,0,0,1,0,0,0,0,0
22,2,0.0,0.0,0.0,0.0,0.0,50.0,0,0,0,0,0,0,0,0,0,0,0,1,0,0,0,0,0
17,3,33.300000000000004,0.0,5.8999999999999995,0.0,0.0,0.0,0,0,0,0,0,0,0,0,0,0,0,1,0,0,0,0,0
12,2,0.0,0.0,0.0,0.0,0.0,0.0,0,0,0,0,0,0,0,0,0,0,0,1,0,0,0,0,0
17,2,0.0,0.0,0.0,0.0,0.0,0.0,0,0,0,0,0,0,0,0,0,0,0,1,0,0,0,0,0
24,3,0.0,66.7,0.0,0.0,0.0,0.0,0,0,0,0,0,0,0,0,0,0,0,1,0,0,0,0,0
19,2,0.0,50.0,0.0,0.0,0.0,0.0,0,0,0,0,0,0,0,0,0,0,0,1,0,0,0,0,0
10,2,0.0,0.0,0.0,0.0,0.0,0.0,0,0,0,0,0,0,0,0,0,0,0,1,0,0,0,0,0
13,2,0.0,0.0,0.0,0.0,0.0,100.0,0,0,0,0,0,0,0,0,0,0,0,1,0,0,0,0,0
21,2,50.0,0.0,0.0,0.0,0.0,0.0,0,0,0,0,0,0,0,0,0,0,0,1,0,0,0,0,0
15,1,0.0,100.0,0.0,6.7,0.0,0.0,0,0,0,0,0,0,0,0,0,0,0,1,0,0,0,0,0
14,2,0.0,0.0,0.0,0.0,0.0,0.0,0,0,0,0,0,0,1,0,0,0,0,0,0,0,0,0,0
72,11,0.0,0.0,0.0,4.2,6.7,73.3,0,0,0,0,0,0,0,0,0,0,0,0,0,0,0,1,0
163,25,11.1,0.0,4.3,1.2,0.0,22.2,0,1,0,0,0,0,0,0,0,0,0,0,0,0,0,0,0
44,7,0.0,10.0,0.0,9.1,0.0,60.0,0,0,0,0,0,0,0,0,0,0,1,0,0,0,0,0,0
96,15,0.0,11.799999999999999,4.2,3.1,0.0,11.799999999999999,0,1,0,0,0,0,0,0,0,0,0,0,0,0,0,0,0
82,11,6.7,0.0,0.0,6.1,6.7,60.0,0,0,0,0,0,0,0,0,0,0,0,0,0,1,0,0,0
521,85,16.7,15.6,4.6,1.0,0.0,1.0999999999999999,0,1,0,0,0,0,0,0,0,0,0,0,0,0,0,0,0
18,2,0.0,50.0,0.0,0.0,0.0,0.0,0,0,0,0,0,0,1,0,0,0,0,0,0,0,0,0,0
88,1,0.0,0.0,0.0,100.0,0.0,0.0,0,0,0,0,0,0,0,0,0,0,0,0,0,0,0,1,0
76,9,0.0,16.7,0.0,6.6000000000000005,0.0,50.0,0,0,0,0,0,0,0,0,0,0,0,0,0,0,0,1,0
710,112,13.0,11.4,4.8,1.7999999999999998,1.6,13.0,0,1,0,0,0,0,0,0,0,0,0,0,0,0,0,0,0
19,17,0.0,0.0,0.0,0.0,0.0,89.5,0,0,0,0,0,0,0,0,0,1,0,0,0,0,0,0,0
42,4,0.0,8.3,0.0,21.4,8.3,8.3,0,0,0,1,0,0,0,0,0,0,0,0,0,0,0,0,0
107,1,0.0,0.0,0.0,91.60000000000001,0.0,0.0,0,0,0,0,0,0,1,0,0,0,0,0,0,0,0,0,0
65,12,7.1,0.0,3.1,3.1,7.1,64.3,0,0,0,0,0,0,0,0,0,0,1,0,0,0,0,0,0
41,6,0.0,0.0,4.9,0.0,0.0,50.0,0,0,0,0,0,1,0,0,0,0,0,0,0,0,0,0,0
110,14,0.0,5.8999999999999995,1.7999999999999998,2.7,0.0,41.199999999999996,0,0,0,0,0,0,0,0,0,0,0,0,0,0,1,0,0
51,9,0.0,20.0,2.0,2.0,0.0,60.0,0,0,0,0,0,0,0,0,0,0,0,1,0,0,0,0,0
13,3,0.0,25.0,0.0,0.0,25.0,50.0,0,0,0,0,0,0,0,0,0,0,1,0,0,0,0,0,0
105,13,0.0,5.3,0.0,5.7,0.0,57.9,0,0,1,0,0,0,0,0,0,0,0,0,0,0,0,0,0
47,6,0.0,0.0,0.0,6.4,0.0,55.60000000000001,0,0,1,0,0,0,0,0,0,0,0,0,0,0,0,0,0
16,3,25.0,0.0,0.0,0.0,25.0,50.0,0,0,0,0,0,0,0,0,0,0,1,0,0,0,0,0,0
53,6,12.5,0.0,0.0,1.9,0.0,50.0,0,0,1,0,0,0,0,0,0,0,0,0,0,0,0,0,0
107,2,0.0,0.0,0.0,79.4,0.0,100.0,0,0,0,0,0,0,1,0,0,0,0,0,0,0,0,0,0
25,4,0.0,0.0,0.0,4.0,0.0,80.0,0,0,0,0,0,0,0,0,0,0,1,0,0,0,0,0,0
43,7,9.1,9.1,0.0,2.3,18.2,45.5,0,0,0,0,0,0,0,0,0,0,0,0,0,1,0,0,0
107,15,10.5,10.5,2.8000000000000003,4.7,0.0,21.099999999999998,0,1,0,0,0,0,0,0,0,0,0,0,0,0,0,0,0
104,15,12.5,0.0,3.8,1.0,0.0,0.0,0,1,0,0,0,0,0,0,0,0,0,0,0,0,0,0,0
15,2,0.0,50.0,0.0,0.0,0.0,0.0,0,1,0,0,0,0,0,0,0,0,0,0,0,0,0,0,0
108,17,15.0,5.0,4.6,2.8000000000000003,0.0,10.0,0,1,0,0,0,0,0,0,0,0,0,0,0,0,0,0,0
48,10,0.0,0.0,4.2,4.2,0.0,58.3,0,1,0,0,0,0,0,0,0,0,0,0,0,0,0,0,0
109,18,15.8,10.5,4.6,0.8999999999999999,0.0,10.5,0,1,0,0,0,0,0,0,0,0,0,0,0,0,0,0,0
36,5,20.0,20.0,2.8000000000000003,0.0,0.0,0.0,0,1,0,0,0,0,0,0,0,0,0,0,0,0,0,0,0
106,15,5.8999999999999995,23.5,3.8,2.8000000000000003,0.0,11.799999999999999,0,1,0,0,0,0,0,0,0,0,0,0,0,0,0,0,0
101,12,0.0,0.0,1.0,4.0,0.0,25.0,0,1,0,0,0,0,0,0,0,0,0,0,0,0,0,0,0
17,2,0.0,0.0,0.0,0.0,0.0,0.0,0,1,0,0,0,0,0,0,0,0,0,0,0,0,0,0,0
117,16,9.1,4.5,0.8999999999999999,5.1,0.0,9.1,0,1,0,0,0,0,0,0,0,0,0,0,0,0,0,0,0
78,10,0.0,7.7,1.3,5.1,0.0,0.0,0,1,0,0,0,0,0,0,0,0,0,0,0,0,0,0,0
20,3,0.0,0.0,0.0,5.0,0.0,75.0,0,0,0,0,0,0,0,0,0,0,1,0,0,0,0,0,0
51,8,16.7,16.7,0.0,0.0,16.7,33.300000000000004,0,0,0,0,0,0,0,0,0,0,0,0,0,1,0,0,0
113,16,5.0,20.0,1.7999999999999998,3.5000000000000004,0.0,15.0,0,1,0,0,0,0,0,0,0,0,0,0,0,0,0,0,0
43,7,0.0,0.0,4.7,4.7,0.0,20.0,0,1,0,0,0,0,0,0,0,0,0,0,0,0,0,0,0
110,17,25.0,0.0,2.7,2.7,0.0,5.0,0,1,0,0,0,0,0,0,0,0,0,0,0,0,0,0,0
109,16,5.3,15.8,1.7999999999999998,2.8000000000000003,0.0,0.0,0,1,0,0,0,0,0,0,0,0,0,0,0,0,0,0,0
102,16,23.5,0.0,3.9,1.0,0.0,5.8999999999999995,0,1,0,0,0,0,0,0,0,0,0,0,0,0,0,0,0
106,13,0.0,4.8,0.8999999999999999,8.5,0.0,28.599999999999998,0,1,0,0,0,0,0,0,0,0,0,0,0,0,0,0,0
53,6,0.0,0.0,1.9,3.8,0.0,0.0,0,1,0,0,0,0,0,0,0,0,0,0,0,0,0,0,0
106,16,10.5,5.3,3.8,2.8000000000000003,0.0,26.3,0,1,0,0,0,0,0,0,0,0,0,0,0,0,0,0,0
65,10,0.0,0.0,4.6,4.6,0.0,0.0,0,1,0,0,0,0,0,0,0,0,0,0,0,0,0,0,0
101,16,11.799999999999999,0.0,4.0,1.0,0.0,29.4,0,1,0,0,0,0,0,0,0,0,0,0,0,0,0,0,0
55,8,0.0,12.5,1.7999999999999998,0.0,0.0,25.0,0,1,0,0,0,0,0,0,0,0,0,0,0,0,0,0,0
66,11,6.7,0.0,0.0,0.0,13.3,80.0,0,1,0,0,0,0,0,0,0,0,0,0,0,0,0,0,0
111,16,20.0,5.0,1.7999999999999998,3.5999999999999996,0.0,10.0,0,1,0,0,0,0,0,0,0,0,0,0,0,0,0,0,0
108,15,11.1,0.0,2.8000000000000003,2.8000000000000003,0.0,5.6000000000000005,0,1,0,0,0,0,0,0,0,0,0,0,0,0,0,0,0
49,5,0.0,0.0,2.0,2.0,0.0,0.0,0,1,0,0,0,0,0,0,0,0,0,0,0,0,0,0,0
109,20,15.0,5.0,4.6,0.0,0.0,25.0,0,1,0,0,0,0,0,0,0,0,0,0,0,0,0,0,0
109,18,4.3,4.3,3.6999999999999997,5.5,0.0,13.0,0,1,0,0,0,0,0,0,0,0,0,0,0,0,0,0,0
38,5,0.0,0.0,2.6,2.6,0.0,0.0,0,1,0,0,0,0,0,0,0,0,0,0,0,0,0,0,0
19,17,0.0,0.0,0.0,0.0,0.0,89.5,0,0,0,0,0,0,0,0,0,1,0,0,0,0,0,0,0
42,4,0.0,8.3,0.0,21.4,8.3,8.3,0,0,0,1,0,0,0,0,0,0,0,0,0,0,0,0,0
47,6,0.0,0.0,0.0,2.1,0.0,85.7,0,0,0,0,0,0,0,0,0,0,1,0,0,0,0,0,0
29,6,0.0,11.1,0.0,3.4000000000000004,22.2,44.4,0,0,0,0,0,0,0,0,0,0,0,0,0,1,0,0,0
107,22,7.7,3.8,4.7,3.6999999999999997,11.5,26.900000000000002,0,1,0,0,0,0,0,0,0,0,0,0,0,0,0,0,0
100,17,17.599999999999998,17.599999999999998,6.0,0.0,0.0,0.0,0,1,0,0,0,0,0,0,0,0,0,0,0,0,0,0,0
109,19,19.0,14.299999999999999,3.6999999999999997,2.8000000000000003,9.5,4.8,0,1,0,0,0,0,0,0,0,0,0,0,0,0,0,0,0
95,20,8.7,4.3,9.5,2.1,8.7,4.3,0,1,0,0,0,0,0,0,0,0,0,0,0,0,0,0,0
36,7,0.0,11.1,0.0,2.8000000000000003,11.1,66.7,0,0,0,0,0,0,0,0,0,0,0,0,0,1,0,0,0
110,19,15.8,21.099999999999998,5.5,0.8999999999999999,0.0,0.0,0,1,0,0,0,0,0,0,0,0,0,0,0,0,0,0,0
73,10,18.2,18.2,1.4000000000000001,1.4000000000000001,0.0,18.2,0,1,0,0,0,0,0,0,0,0,0,0,0,0,0,0,0
30,5,0.0,0.0,0.0,3.3000000000000003,0.0,50.0,0,0,0,0,0,0,0,0,0,0,1,0,0,0,0,0,0
28,5,0.0,0.0,0.0,3.5999999999999996,14.299999999999999,57.099999999999994,0,0,0,0,0,0,0,0,0,0,0,0,0,1,0,0,0
96,16,6.2,0.0,5.2,0.0,0.0,37.5,0,1,0,0,0,0,0,0,0,0,0,0,0,0,0,0,0
106,16,5.8999999999999995,11.799999999999999,3.8,0.8999999999999999,0.0,0.0,0,1,0,0,0,0,0,0,0,0,0,0,0,0,0,0,0
36,6,33.300000000000004,0.0,8.3,0.0,0.0,0.0,0,1,0,0,0,0,0,0,0,0,0,0,0,0,0,0,0
28,6,0.0,0.0,0.0,3.5999999999999996,0.0,71.39999999999999,0,0,0,0,0,0,0,0,0,0,1,0,0,0,0,0,0
32,6,11.1,0.0,0.0,6.2,22.2,44.4,0,0,0,0,0,0,0,0,0,0,0,0,0,1,0,0,0
85,16,11.799999999999999,5.8999999999999995,5.8999999999999995,2.4,11.799999999999999,17.599999999999998,0,1,0,0,0,0,0,0,0,0,0,0,0,0,0,0,0
108,19,14.299999999999999,14.299999999999999,4.6,2.8000000000000003,0.0,9.5,0,1,0,0,0,0,0,0,0,0,0,0,0,0,0,0,0
109,18,22.2,0.0,5.5,0.0,0.0,0.0,0,1,0,0,0,0,0,0,0,0,0,0,0,0,0,0,0
18,2,0.0,0.0,0.0,5.6000000000000005,0.0,50.0,0,0,0,0,0,0,0,0,0,1,0,0,0,0,0,0,0
23,6,0.0,0.0,0.0,8.7,25.0,50.0,0,0,0,1,0,0,0,0,0,0,0,0,0,0,0,0,0
21,4,0.0,0.0,0.0,4.8,20.0,60.0,0,0,0,1,0,0,0,0,0,0,0,0,0,0,0,0,0
18,2,0.0,25.0,0.0,22.2,0.0,0.0,0,0,0,1,0,0,0,0,0,0,0,0,0,0,0,0,0
21,1,0.0,0.0,0.0,9.5,0.0,33.300000000000004,0,0,0,1,0,0,0,0,0,0,0,0,0,0,0,0,0
9,1,0.0,0.0,0.0,0.0,0.0,0.0,0,0,0,0,0,0,1,0,0,0,0,0,0,0,0,0,0
36,5,0.0,0.0,2.8000000000000003,0.0,0.0,40.0,0,0,0,0,0,0,0,0,0,0,0,0,0,0,1,0,0
11,2,0.0,0.0,0.0,0.0,0.0,100.0,0,0,1,0,0,0,0,0,0,0,0,0,0,0,0,0,0
61,8,0.0,12.5,3.3000000000000003,1.6,0.0,0.0,0,0,0,0,0,0,0,0,0,0,0,0,0,0,1,0,0
29,4,0.0,0.0,0.0,0.0,0.0,100.0,0,0,0,0,0,0,0,0,0,0,0,0,0,1,0,0,0
32,5,0.0,0.0,0.0,9.4,14.299999999999999,42.9,0,0,0,0,0,0,0,0,0,0,0,0,0,1,0,0,0
14,1,0.0,0.0,0.0,0.0,0.0,0.0,0,0,0,0,0,0,1,0,0,0,0,0,0,0,0,0,0
71,9,0.0,0.0,1.4000000000000001,2.8000000000000003,0.0,88.9,0,0,1,0,0,0,0,0,0,0,0,0,0,0,0,0,0
73,8,0.0,12.5,1.4000000000000001,1.4000000000000001,0.0,62.5,0,0,1,0,0,0,0,0,0,0,0,0,0,0,0,0,0
12,2,0.0,0.0,0.0,0.0,0.0,100.0,0,0,0,0,0,0,0,0,0,0,0,0,0,1,0,0,0
11,1,0.0,0.0,0.0,27.3,33.300000000000004,0.0,0,0,0,0,1,0,0,0,0,0,0,0,0,0,0,0,0
11,1,0.0,0.0,0.0,27.3,33.300000000000004,0.0,0,0,0,0,1,0,0,0,0,0,0,0,0,0,0,0,0
12,2,0.0,0.0,0.0,0.0,0.0,100.0,0,0,0,0,0,0,0,0,0,0,0,0,0,1,0,0,0
11,1,0.0,0.0,0.0,27.3,33.300000000000004,0.0,0,0,0,0,1,0,0,0,0,0,0,0,0,0,0,0,0
18,2,0.0,50.0,0.0,5.6000000000000005,0.0,50.0,0,0,0,0,0,0,0,0,0,0,1,0,0,0,0,0,0
33,5,0.0,0.0,3.0,0.0,0.0,83.3,0,0,0,0,0,0,0,0,0,0,1,0,0,0,0,0,0
35,5,0.0,0.0,2.9000000000000004,0.0,0.0,80.0,0,0,0,0,0,0,0,0,0,0,1,0,0,0,0,0,0
49,8,0.0,0.0,6.1,0.0,0.0,62.5,0,0,0,0,0,0,0,0,0,0,1,0,0,0,0,0,0
34,4,0.0,0.0,2.9000000000000004,2.9000000000000004,0.0,75.0,0,0,0,0,0,0,0,0,0,0,1,0,0,0,0,0,0
34,5,0.0,0.0,2.9000000000000004,2.9000000000000004,0.0,80.0,0,0,0,0,0,0,0,0,0,0,1,0,0,0,0,0,0
10,1,0.0,0.0,0.0,0.0,0.0,0.0,0,0,0,0,0,0,1,0,0,0,0,0,0,0,0,0,0
14,2,0.0,0.0,0.0,0.0,0.0,100.0,0,0,0,0,0,0,0,0,0,1,0,0,0,0,0,0,0
30,2,0.0,0.0,0.0,3.3000000000000003,0.0,100.0,0,0,0,0,0,0,0,0,0,0,0,0,0,1,0,0,0
19,3,0.0,0.0,0.0,5.3,0.0,75.0,0,0,0,0,0,0,0,0,0,0,1,0,0,0,0,0,0
12,1,0.0,100.0,0.0,16.7,0.0,0.0,0,0,0,1,0,0,0,0,0,0,0,0,0,0,0,0,0
12,2,0.0,0.0,0.0,0.0,0.0,50.0,0,0,0,0,0,0,0,0,0,1,0,0,0,0,0,0,0
23,2,0.0,0.0,0.0,0.0,0.0,100.0,0,0,0,0,0,0,0,0,0,0,0,0,0,1,0,0,0
13,2,0.0,50.0,0.0,0.0,0.0,50.0,0,0,0,0,0,0,0,0,0,0,1,0,0,0,0,0,0
12,1,0.0,100.0,0.0,16.7,0.0,0.0,0,0,0,1,0,0,0,0,0,0,0,0,0,0,0,0,0
13,2,0.0,0.0,0.0,0.0,0.0,100.0,0,0,0,0,0,0,0,0,0,0,0,0,0,1,0,0,0
21,3,0.0,25.0,0.0,4.8,0.0,50.0,0,0,0,0,0,0,0,0,0,0,0,0,0,1,0,0,0
32,4,0.0,0.0,3.1,0.0,0.0,50.0,0,0,0,0,0,0,0,0,0,0,0,0,0,1,0,0,0
22,4,0.0,0.0,0.0,0.0,0.0,100.0,0,0,0,0,0,0,0,0,0,0,1,0,0,0,0,0,0
12,1,0.0,100.0,0.0,16.7,0.0,0.0,0,0,0,1,0,0,0,0,0,0,0,0,0,0,0,0,0
18,2,0.0,0.0,0.0,5.6000000000000005,0.0,50.0,0,0,0,0,0,0,0,0,0,1,0,0,0,0,0,0,0
23,6,0.0,0.0,0.0,8.7,25.0,50.0,0,0,0,1,0,0,0,0,0,0,0,0,0,0,0,0,0
21,4,0.0,0.0,0.0,4.8,20.0,60.0,0,0,0,1,0,0,0,0,0,0,0,0,0,0,0,0,0
18,2,0.0,25.0,0.0,22.2,0.0,0.0,0,0,0,1,0,0,0,0,0,0,0,0,0,0,0,0,0
21,1,0.0,0.0,0.0,9.5,0.0,33.300000000000004,0,0,0,1,0,0,0,0,0,0,0,0,0,0,0,0,0
17,2,0.0,0.0,0.0,0.0,0.0,100.0,0,0,0,0,0,0,0,0,0,1,0,0,0,0,0,0,0
44,4,0.0,0.0,0.0,6.800000000000001,0.0,62.5,0,0,0,1,0,0,0,0,0,0,0,0,0,0,0,0,0
19,2,0.0,0.0,0.0,0.0,0.0,100.0,0,0,1,0,0,0,0,0,0,0,0,0,0,0,0,0,0
19,2,50.0,0.0,0.0,0.0,0.0,0.0,0,0,0,0,0,0,0,0,0,0,0,1,0,0,0,0,0
9,1,0.0,0.0,0.0,0.0,0.0,0.0,0,0,0,0,0,0,0,0,0,0,0,1,0,0,0,0,0
17,2,0.0,0.0,0.0,0.0,0.0,50.0,0,0,0,0,0,0,0,0,0,0,0,1,0,0,0,0,0
95,14,7.1,21.4,4.2,0.0,0.0,14.299999999999999,0,0,0,0,0,0,0,0,0,0,0,0,1,0,0,0,0
98,14,17.599999999999998,5.8999999999999995,3.1,3.1,0.0,0.0,0,0,0,0,0,0,0,0,0,0,0,0,1,0,0,0,0
87,11,7.7,15.4,2.3,2.3,0.0,0.0,0,0,0,0,0,0,0,0,0,0,0,0,1,0,0,0,0
30,3,20.0,0.0,0.0,6.7,0.0,20.0,0,0,0,0,0,0,0,0,0,0,0,0,1,0,0,0,0
22,2,0.0,0.0,0.0,0.0,0.0,100.0,0,0,0,0,0,0,1,0,0,0,0,0,0,0,0,0,0
32,5,0.0,0.0,0.0,6.2,0.0,71.39999999999999,0,0,0,0,0,0,0,0,0,0,1,0,0,0,0,0,0
37,5,0.0,0.0,0.0,0.0,0.0,80.0,0,0,0,0,0,0,0,0,0,0,0,0,0,0,0,1,0
13,3,33.300000000000004,0.0,7.7,0.0,33.300000000000004,0.0,0,0,0,0,1,0,0,0,0,0,0,0,0,0,0,0,0
36,5,0.0,0.0,2.8000000000000003,2.8000000000000003,0.0,33.300000000000004,0,0,0,0,0,0,0,0,0,0,0,0,0,1,0,0,0
92,13,26.700000000000003,13.3,3.3000000000000003,2.1999999999999997,0.0,0.0,0,1,0,0,0,0,0,0,0,0,0,0,0,0,0,0,0
93,13,0.0,14.299999999999999,4.3,1.0999999999999999,0.0,0.0,0,1,0,0,0,0,0,0,0,0,0,0,0,0,0,0,0
16,2,0.0,33.300000000000004,0.0,6.2,0.0,0.0,0,0,0,0,0,0,1,0,0,0,0,0,0,0,0,0,0
76,13,0.0,7.1,5.3,2.6,7.1,7.1,0,1,0,0,0,0,0,0,0,0,0,0,0,0,0,0,0
36,4,0.0,20.0,2.8000000000000003,2.8000000000000003,0.0,0.0,0,1,0,0,0,0,0,0,0,0,0,0,0,0,0,0,0
84,14,18.8,6.2,2.4,2.4,0.0,18.8,0,1,0,0,0,0,0,0,0,0,0,0,0,0,0,0,0
17,3,0.0,25.0,5.8999999999999995,5.8999999999999995,0.0,0.0,0,1,0,0,0,0,0,0,0,0,0,0,0,0,0,0,0
53,9,20.0,0.0,3.8,1.9,0.0,30.0,0,1,0,0,0,0,0,0,0,0,0,0,0,0,0,0,0
30,6,14.299999999999999,0.0,3.3000000000000003,3.3000000000000003,0.0,28.599999999999998,0,1,0,0,0,0,0,0,0,0,0,0,0,0,0,0,0
87,14,21.4,7.1,5.7,0.0,0.0,0.0,0,1,0,0,0,0,0,0,0,0,0,0,0,0,0,0,0
82,9,10.0,10.0,2.4,2.4,0.0,10.0,0,1,0,0,0,0,0,0,0,0,0,0,0,0,0,0,0
64,9,0.0,10.0,1.6,1.6,0.0,10.0,0,1,0,0,0,0,0,0,0,0,0,0,0,0,0,0,0
81,14,13.3,13.3,2.5,1.2,0.0,0.0,0,1,0,0,0,0,0,0,0,0,0,0,0,0,0,0,0
84,14,11.1,5.6000000000000005,1.2,4.8,0.0,5.6000000000000005,0,1,0,0,0,0,0,0,0,0,0,0,0,0,0,0,0
88,14,12.5,0.0,4.5,2.3,0.0,6.2,0,1,0,0,0,0,0,0,0,0,0,0,0,0,0,0,0
63,11,8.3,0.0,7.9,1.6,0.0,0.0,0,1,0,0,0,0,0,0,0,0,0,0,0,0,0,0,0
60,9,0.0,9.1,1.7000000000000002,3.3000000000000003,0.0,45.5,0,0,0,0,0,0,0,0,0,0,0,0,0,1,0,0,0
10,3,0.0,0.0,10.0,0.0,66.7,0.0,0,0,0,0,1,0,0,0,0,0,0,0,0,0,0,0,0
27,4,0.0,0.0,3.6999999999999997,0.0,0.0,25.0,0,0,0,0,0,0,0,0,0,0,0,0,0,1,0,0,0
9,1,0.0,0.0,0.0,11.1,0.0,0.0,0,0,0,0,0,0,1,0,0,0,0,0,0,0,0,0,0
74,13,5.8999999999999995,5.8999999999999995,2.7,5.4,0.0,5.8999999999999995,0,1,0,0,0,0,0,0,0,0,0,0,0,0,0,0,0
71,13,14.299999999999999,7.1,4.2,1.4000000000000001,0.0,0.0,0,1,0,0,0,0,0,0,0,0,0,0,0,0,0,0,0
89,17,11.1,11.1,6.7,1.0999999999999999,0.0,5.6000000000000005,0,1,0,0,0,0,0,0,0,0,0,0,0,0,0,0,0
64,12,7.7,7.7,4.7,1.6,0.0,0.0,0,1,0,0,0,0,0,0,0,0,0,0,0,0,0,0,0
114,16,10.5,5.3,1.7999999999999998,3.5000000000000004,0.0,26.3,0,1,0,0,0,0,0,0,0,0,0,0,0,0,0,0,0
25,4,0.0,0.0,0.0,0.0,0.0,100.0,0,0,0,0,0,0,0,0,0,0,0,0,0,0,0,1,0
10,3,0.0,0.0,10.0,0.0,66.7,0.0,0,0,0,0,1,0,0,0,0,0,0,0,0,0,0,0,0
24,3,0.0,0.0,0.0,4.2,0.0,25.0,0,0,0,0,0,0,0,0,0,0,0,0,0,1,0,0,0
87,17,15.8,5.3,8.0,2.3,0.0,5.3,0,1,0,0,0,0,0,0,0,0,0,0,0,0,0,0,0
16,2,0.0,33.300000000000004,0.0,6.2,0.0,0.0,0,0,0,0,0,0,1,0,0,0,0,0,0,0,0,0,0
94,14,5.6000000000000005,0.0,3.2,4.3,0.0,5.6000000000000005,0,1,0,0,0,0,0,0,0,0,0,0,0,0,0,0,0
35,5,0.0,0.0,2.9000000000000004,8.6,0.0,0.0,0,1,0,0,0,0,0,0,0,0,0,0,0,0,0,0,0
88,17,11.1,16.7,4.5,1.0999999999999999,11.1,0.0,0,1,0,0,0,0,0,0,0,0,0,0,0,0,0,0,0
34,4,0.0,20.0,0.0,2.9000000000000004,0.0,0.0,0,1,0,0,0,0,0,0,0,0,0,0,0,0,0,0,0
54,11,8.3,8.3,3.6999999999999997,1.9,8.3,8.3,0,1,0,0,0,0,0,0,0,0,0,0,0,0,0,0,0
18,4,0.0,0.0,0.0,11.1,0.0,66.7,0,0,0,0,0,0,0,0,0,0,1,0,0,0,0,0,0
68,9,7.7,0.0,1.5,5.8999999999999995,0.0,46.2,0,0,0,0,0,0,0,0,0,0,0,0,0,0,0,1,0
10,3,0.0,0.0,10.0,0.0,66.7,0.0,0,0,0,0,1,0,0,0,0,0,0,0,0,0,0,0,0
38,5,0.0,16.7,0.0,2.6,0.0,50.0,0,0,0,0,0,0,0,0,0,0,0,0,0,1,0,0,0
77,12,7.7,15.4,5.2,1.3,0.0,0.0,0,1,0,0,0,0,0,0,0,0,0,0,0,0,0,0,0
16,2,0.0,33.300000000000004,0.0,6.2,0.0,0.0,0,0,0,0,0,0,1,0,0,0,0,0,0,0,0,0,0
85,14,0.0,6.2,4.7,3.5000000000000004,0.0,12.5,0,1,0,0,0,0,0,0,0,0,0,0,0,0,0,0,0
60,8,10.0,10.0,3.3000000000000003,3.3000000000000003,0.0,0.0,0,1,0,0,0,0,0,0,0,0,0,0,0,0,0,0,0
96,14,6.2,6.2,2.1,2.1,0.0,6.2,0,1,0,0,0,0,0,0,0,0,0,0,0,0,0,0,0
91,11,0.0,6.2,1.0999999999999999,5.5,0.0,0.0,0,1,0,0,0,0,0,0,0,0,0,0,0,0,0,0,0
64,10,15.4,15.4,1.6,6.2,7.7,7.7,0,1,0,0,0,0,0,0,0,0,0,0,0,0,0,0,0
34,5,0.0,0.0,0.0,5.8999999999999995,0.0,71.39999999999999,0,0,0,0,0,0,0,0,0,0,1,0,0,0,0,0,0
45,7,0.0,12.5,4.3999999999999995,2.1999999999999997,0.0,0.0,0,0,0,0,0,0,0,0,0,0,0,0,0,0,0,1,0
10,3,0.0,0.0,10.0,0.0,66.7,0.0,0,0,0,0,1,0,0,0,0,0,0,0,0,0,0,0,0
37,5,0.0,0.0,0.0,2.7,0.0,66.7,0,0,0,0,0,0,0,0,0,0,0,0,0,1,0,0,0
53,6,0.0,12.5,0.0,3.8,0.0,0.0,0,1,0,0,0,0,0,0,0,0,0,0,0,0,0,0,0
16,2,0.0,33.300000000000004,0.0,6.2,0.0,0.0,0,0,0,0,0,0,1,0,0,0,0,0,0,0,0,0,0
74,12,0.0,14.299999999999999,2.7,2.7,0.0,7.1,0,1,0,0,0,0,0,0,0,0,0,0,0,0,0,0,0
37,6,0.0,14.299999999999999,2.7,2.7,0.0,28.599999999999998,0,1,0,0,0,0,0,0,0,0,0,0,0,0,0,0,0
36,7,12.5,0.0,2.8000000000000003,2.8000000000000003,0.0,0.0,0,1,0,0,0,0,0,0,0,0,0,0,0,0,0,0,0
46,6,12.5,0.0,2.1999999999999997,4.3,0.0,37.5,0,0,0,0,0,0,0,0,0,0,1,0,0,0,0,0,0
33,3,0.0,66.7,0.0,3.0,0.0,0.0,0,0,0,0,0,0,0,0,0,0,0,0,0,0,0,1,0
10,3,0.0,0.0,10.0,0.0,66.7,0.0,0,0,0,0,1,0,0,0,0,0,0,0,0,0,0,0,0
11,2,0.0,0.0,0.0,0.0,0.0,100.0,0,0,0,0,0,0,0,0,0,0,0,0,0,1,0,0,0
20,3,0.0,0.0,0.0,5.0,0.0,75.0,0,0,0,0,0,0,0,0,0,0,0,0,0,1,0,0,0
16,2,0.0,33.300000000000004,0.0,6.2,0.0,0.0,0,0,0,0,0,0,1,0,0,0,0,0,0,0,0,0,0
60,10,9.1,9.1,5.0,1.7000000000000002,0.0,9.1,0,1,0,0,0,0,0,0,0,0,0,0,0,0,0,0,0
92,17,5.3,5.3,5.4,2.1999999999999997,0.0,5.3,0,1,0,0,0,0,0,0,0,0,0,0,0,0,0,0,0
40,5,0.0,40.0,2.5,0.0,0.0,0.0,0,1,0,0,0,0,0,0,0,0,0,0,0,0,0,0,0
9,1,0.0,0.0,0.0,0.0,0.0,0.0,0,0,0,0,0,0,1,0,0,0,0,0,0,0,0,0,0
53,8,0.0,0.0,0.0,3.8,0.0,80.0,0,0,0,0,0,0,0,0,0,0,1,0,0,0,0,0,0
28,3,0.0,33.300000000000004,0.0,0.0,0.0,66.7,0,0,1,0,0,0,0,0,0,0,0,0,0,0,0,0,0
17,2,0.0,50.0,0.0,0.0,0.0,0.0,0,0,0,0,0,0,1,0,0,0,0,0,0,0,0,0,0
54,9,0.0,0.0,0.0,0.0,20.0,80.0,0,0,1,0,0,0,0,0,0,0,0,0,0,0,0,0,0
48,5,0.0,0.0,0.0,2.1,16.7,66.7,0,0,1,0,0,0,0,0,0,0,0,0,0,0,0,0,0
4,1,0.0,0.0,0.0,0.0,100.0,0.0,0,0,0,0,1,0,0,0,0,0,0,0,0,0,0,0,0
12,2,0.0,0.0,0.0,0.0,0.0,100.0,0,0,0,0,0,0,0,0,0,1,0,0,0,0,0,0,0
17,3,0.0,0.0,0.0,0.0,33.300000000000004,66.7,0,0,0,1,0,0,0,0,0,0,0,0,0,0,0,0,0
22,3,0.0,0.0,0.0,9.1,20.0,40.0,0,0,0,1,0,0,0,0,0,0,0,0,0,0,0,0,0
3,1,0.0,0.0,0.0,0.0,0.0,100.0,0,0,0,1,0,0,0,0,0,0,0,0,0,0,0,0,0
13,2,0.0,0.0,0.0,23.1,25.0,0.0,0,0,0,1,0,0,0,0,0,0,0,0,0,0,0,0,0
23,1,0.0,0.0,0.0,13.0,0.0,66.7,0,0,0,1,0,0,0,0,0,0,0,0,0,0,0,0,0
30,1,0.0,0.0,0.0,13.3,0.0,0.0,0,0,0,1,0,0,0,0,0,0,0,0,0,0,0,0,0
10,1,0.0,0.0,0.0,0.0,0.0,0.0,0,0,0,0,0,0,1,0,0,0,0,0,0,0,0,0,0
66,10,0.0,16.7,1.5,3.0,0.0,58.3,0,0,0,0,0,0,0,0,0,0,0,0,0,0,0,1,0
20,3,0.0,0.0,0.0,5.0,25.0,25.0,0,0,0,0,1,0,0,0,0,0,0,0,0,0,0,0,0
59,13,14.299999999999999,7.1,6.800000000000001,1.7000000000000002,0.0,0.0,0,1,0,0,0,0,0,0,0,0,0,0,0,0,0,0,0
1170,204,12.6,9.5,5.4,2.4,6.1,10.8,0,1,0,0,0,0,0,0,0,0,0,0,0,0,0,0,0
101,15,5.3,10.5,2.0,5.0,0.0,47.4,0,0,0,0,0,0,0,0,0,0,0,0,0,0,0,1,0
21,4,0.0,0.0,0.0,4.8,40.0,40.0,0,0,0,0,1,0,0,0,0,0,0,0,0,0,0,0,0
58,8,0.0,0.0,0.0,3.4000000000000004,0.0,70.0,0,0,0,0,0,0,0,0,0,0,0,0,0,0,0,1,0
18,4,0.0,0.0,0.0,5.6000000000000005,40.0,40.0,0,0,0,0,1,0,0,0,0,0,0,0,0,0,0,0,0
206,32,2.9000000000000004,20.0,5.3,4.3999999999999995,11.4,8.6,0,1,0,0,0,0,0,0,0,0,0,0,0,0,0,0,0
124,17,0.0,0.0,0.0,7.3,0.0,72.0,0,0,0,0,0,0,0,0,0,0,0,0,0,0,0,1,0
24,4,0.0,0.0,0.0,4.2,40.0,40.0,0,0,0,0,1,0,0,0,0,0,0,0,0,0,0,0,0
1682,281,7.7,10.0,4.2,3.5999999999999996,2.9000000000000004,7.3999999999999995,0,1,0,0,0,0,0,0,0,0,0,0,0,0,0,0,0
61,10,7.1,7.1,1.6,6.6000000000000005,0.0,57.099999999999994,0,0,0,0,0,0,0,0,0,0,0,0,0,1,0,0,0
19,4,0.0,0.0,0.0,5.3,40.0,40.0,0,0,0,0,1,0,0,0,0,0,0,0,0,0,0,0,0
70,11,0.0,6.7,0.0,5.7,6.7,53.300000000000004,0,0,0,0,0,0,0,0,0,0,0,0,0,1,0,0,0
19,4,0.0,0.0,0.0,5.3,40.0,40.0,0,0,0,0,1,0,0,0,0,0,0,0,0,0,0,0,0
699,96,5.3,4.6,2.4,5.2,1.5,25.2,0,1,0,0,0,0,0,0,0,0,0,0,0,0,0,0,0
73,10,0.0,6.2,0.0,8.200000000000001,0.0,50.0,0,0,0,0,0,0,0,0,0,0,0,0,0,1,0,0,0
20,4,0.0,0.0,0.0,5.0,40.0,40.0,0,0,0,0,1,0,0,0,0,0,0,0,0,0,0,0,0
218,34,2.5,2.5,3.6999999999999997,2.8000000000000003,0.0,32.5,0,1,0,0,0,0,0,0,0,0,0,0,0,0,0,0,0
41,5,0.0,0.0,0.0,2.4,16.7,50.0,0,0,0,0,0,0,0,0,0,0,0,0,0,1,0,0,0
23,4,0.0,0.0,0.0,4.3,40.0,40.0,0,0,0,0,1,0,0,0,0,0,0,0,0,0,0,0,0
299,53,3.2,3.2,5.0,3.3000000000000003,9.5,25.4,0,1,0,0,0,0,0,0,0,0,0,0,0,0,0,0,0
24,4,0.0,0.0,0.0,8.3,16.7,50.0,0,0,0,0,0,0,0,0,0,0,0,0,0,1,0,0,0
20,4,0.0,0.0,0.0,5.0,40.0,40.0,0,0,0,0,1,0,0,0,0,0,0,0,0,0,0,0,0
47,1,0.0,0.0,0.0,23.400000000000002,0.0,0.0,0,0,0,0,0,0,0,0,0,0,0,0,0,0,0,1,0
41,8,0.0,11.1,2.4,2.4,22.2,0.0,0,1,0,0,0,0,0,0,0,0,0,0,0,0,0,0,0
32,4,0.0,0.0,0.0,6.2,0.0,66.7,0,0,0,0,0,0,0,0,0,0,0,0,0,0,0,1,0
23,4,0.0,0.0,0.0,4.3,40.0,40.0,0,0,0,0,1,0,0,0,0,0,0,0,0,0,0,0,0
481,89,9.700000000000001,8.0,5.6000000000000005,5.0,8.0,5.3,0,1,0,0,0,0,0,0,0,0,0,0,0,0,0,0,0
62,8,0.0,0.0,1.6,3.2,0.0,70.0,0,0,0,0,0,0,0,0,0,0,0,0,0,0,0,1,0
22,4,0.0,0.0,0.0,4.5,40.0,40.0,0,0,0,0,1,0,0,0,0,0,0,0,0,0,0,0,0
62,12,7.1,0.0,4.8,4.8,14.299999999999999,0.0,0,1,0,0,0,0,0,0,0,0,0,0,0,0,0,0,0
9,1,0.0,0.0,0.0,0.0,0.0,0.0,0,0,0,0,0,0,1,0,0,0,0,0,0,0,0,0,0
73,10,0.0,0.0,1.4000000000000001,5.5,14.299999999999999,42.9,0,0,0,0,0,1,0,0,0,0,0,0,0,0,0,0,0
72,10,0.0,0.0,0.0,8.3,12.5,50.0,0,0,0,0,0,1,0,0,0,0,0,0,0,0,0,0,0
