line_length,word_count,verb_percentage,adj_percentage,stopword_percentage,punctuation_percentage,number_percentage,proper_noun_percentage,line_length_trans,verb_percentage_trans,stopword_percentage_trans,punctuation_percentage_trans,word_count_trans,adj_percentage_trans,number_percentage_trans,proper_noun_percentage_trans
9,1,0.0,0.0,0.0,0.0,0.0,0.0,1.2457309396155174,0.0,0.0,0.0,0.0,0.0,0.0,0.0
71,15,6.2,0.0,5.6000000000000005,1.4,6.2,25.0,1.531531151659999,2.4899799195977463,2.3664319132398464,1.1832159566199232,1.0342196941293802,0.0,1.8370905500142276,5.0
5,2,0.0,0.0,20.0,0.0,0.0,66.7,1.174618943088019,0.0,4.47213595499958,0.0,0.0,0.0,0.0,8.167006795638168
36,4,0.0,50.0,0.0,0.0,0.0,0.0,1.4309690811052556,0.0,0.0,0.0,0.0,3.6840314986403864,0.0,0.0
15,1,0.0,100.0,0.0,6.7,0.0,0.0,1.31101942303975,0.0,0.0,2.588435821108957,1.2095044770593142,4.641588833612778,0.0,0.0
16,2,0.0,33.300000000000004,0.0,6.2,0.0,0.0,1.3195079107728942,0.0,0.0,2.4899799195977463,1.2001600575667746,3.2172248249150837,0.0,0.0
66,10,9.1,0.0,3.0,3.0,9.1,0.0,1.520387861280808,3.0166206257996713,1.7320508075688772,1.7320508075688772,1.1161231740339044,0.0,2.087759478663449,0.0
18,3,0.0,0.0,0.0,0.0,0.0,66.7,1.335141362540313,0.0,0.0,0.0,0.0,0.0,0.0,8.167006795638168
89,16,11.8,5.9,4.5,1.1,0.0,0.0,1.5665310257218434,3.4351128074635335,2.1213203435596424,1.0488088481701516,1.009576582776887,1.8069688693211896,0.0,0.0
14,2,0.0,0.0,0.0,0.0,0.0,0.0,1.3020054543174677,0.0,0.0,0.0,0.0,0.0,0.0,0.0
54,11,8.3,8.3,3.7,1.9,8.3,8.3,1.490182215342446,2.8809720581775866,1.9235384061671346,1.378404875209022,1.0662900584785258,2.024693852005457,2.024693852005457,2.8809720581775866
89,15,6.2,6.2,5.6000000000000005,1.1,0.0,12.5,1.5665310257218434,2.4899799195977463,2.3664319132398464,1.0488088481701516,1.009576582776887,1.8370905500142276,0.0,3.5355339059327378
96,12,7.1,7.1,2.1,2.1,0.0,0.0,1.578436529997654,2.6645825188948455,1.449137674618944,1.449137674618944,1.0770154403043632,1.9219973427746713,0.0,0.0
17,5,0.0,0.0,0.0,17.599999999999998,0.0,57.1,1.3275316748885193,0.0,0.0,4.195235392680606,1.3321442875051681,0.0,0.0,7.556454194925025
52,47,2.0,0.0,0.0,5.800000000000001,0.0,78.4,1.4845688180219065,1.4142135623730951,0.0,2.4083189157584592,1.1921826559427973,0.0,0.0,8.854377448471462
17,2,0.0,50.0,0.0,0.0,0.0,0.0,1.3275316748885193,0.0,0.0,0.0,0.0,3.6840314986403864,0.0,0.0
16,2,0.0,33.300000000000004,0.0,6.2,0.0,0.0,1.3195079107728942,0.0,0.0,2.4899799195977463,1.2001600575667746,3.2172248249150837,0.0,0.0
16,2,0.0,33.300000000000004,0.0,6.2,0.0,0.0,1.3195079107728942,0.0,0.0,2.4899799195977463,1.2001600575667746,3.2172248249150837,0.0,0.0
28,7,0.0,0.0,3.6,7.1,0.0,66.7,1.3954548940149718,0.0,1.8973665961010275,2.6645825188948455,1.216538436123333,0.0,0.0,8.167006795638168
271,49,8.6,6.9,5.5,3.3000000000000003,1.7000000000000002,10.3,1.7510434757409536,2.932575659723036,2.345207879911715,1.8165902124584952,1.126811819999242,1.9037782619633032,1.193483191927337,3.2093613071762426
84,14,18.8,6.2,2.4,2.4,0.0,18.8,1.557499545529136,4.33589667773576,1.5491933384829668,1.5491933384829668,1.091493425617897,1.8370905500142276,0.0,4.33589667773576
10,1,0.0,0.0,0.0,0.0,0.0,0.0,1.2589254117941673,0.0,0.0,0.0,0.0,0.0,0.0,0.0
9,1,0.0,0.0,0.0,0.0,0.0,0.0,1.2457309396155174,0.0,0.0,0.0,0.0,0.0,0.0,0.0
73,10,0.0,0.0,1.4,5.5,14.3,42.9,1.5357915933617867,0.0,1.1832159566199232,2.345207879911715,1.185867778627801,0.0,2.4272360429169444,6.549809157525126
4,2,0.0,0.0,0.0,0.0,0.0,50.0,1.148698354997035,0.0,0.0,0.0,0.0,0.0,0.0,7.0710678118654755
97,15,6.7,13.3,4.1000000000000005,1.0,0.0,6.7,1.580073077972056,2.588435821108957,2.024845673131659,1.0,1.0,2.369284502156768,0.0,2.588435821108957
157,25,3.6,21.4,4.5,2.5,0.0,3.6,1.6580207646264504,1.8973665961010275,2.1213203435596424,1.5811388300841898,1.0959582263852172,2.776331098545561,0.0,1.8973665961010275
35,5,0.0,0.0,2.9000000000000004,5.7,0.0,42.9,1.426943588457651,0.0,1.7029386365926402,2.3874672772626644,1.19011104450985,0.0,0.0,6.549809157525126
38,5,20.0,0.0,0.0,0.0,20.0,20.0,1.4387268865499157,4.47213595499958,0.0,0.0,0.0,0.0,2.7144176165949063,4.47213595499958
44,4,0.0,0.0,0.0,2.3,0.0,100.0,1.4599744906233632,0.0,0.0,1.51657508881031,1.0868579428992127,0.0,0.0,10.0
8,2,50.0,0.0,0.0,0.0,0.0,0.0,1.2311444133449163,7.0710678118654755,0.0,0.0,0.0,0.0,0.0,0.0
14,2,0.0,50.0,0.0,0.0,0.0,0.0,1.3020054543174677,0.0,0.0,0.0,0.0,3.6840314986403864,0.0,0.0
299,53,3.2,3.2,5.0,3.3000000000000003,9.5,25.4,1.768345488794523,1.7888543819998317,2.23606797749979,1.8165902124584952,1.126811819999242,1.4736125994561546,2.1179117921274466,5.039841267341661
69,14,6.7,6.7,5.800000000000001,1.4,6.7,6.7,1.5271612967071428,2.588435821108957,2.4083189157584592,1.1832159566199232,1.0342196941293802,1.885203631020986,1.885203631020986,2.588435821108957
300,47,11.3,7.5,5.0,2.7,0.0,15.1,1.7689360204744258,3.361547262794322,2.23606797749979,1.6431676725154984,1.1044253752367947,1.9574338205844317,0.0,3.8858718455450894
498,78,6.2,8.200000000000001,3.6,4.4,2.1,32.0,1.8608995646190873,2.4899799195977463,1.8973665961010275,2.0976176963403033,1.1596989598793381,2.0165296752181043,1.2805791649874942,5.656854249492381
7,2,0.0,0.0,0.0,0.0,0.0,50.0,1.214814044039067,0.0,0.0,0.0,0.0,0.0,0.0,7.0710678118654755
69,11,0.0,6.7,0.0,5.800000000000001,6.7,60.0,1.5271612967071428,0.0,0.0,2.4083189157584592,1.1921826559427973,1.885203631020986,1.885203631020986,7.745966692414834
106,16,10.5,5.3,3.8,2.8000000000000003,0.0,26.3,1.5941551500450146,3.24037034920393,1.9493588689617927,1.6733200530681511,1.108449222600272,1.7435134012651283,0.0,5.128352561983234
19,2,0.0,0.0,0.0,0.0,0.0,100.0,1.3423796509621049,0.0,0.0,0.0,0.0,0.0,0.0,10.0
9,1,0.0,0.0,0.0,0.0,0.0,0.0,1.2457309396155174,0.0,0.0,0.0,0.0,0.0,0.0,0.0
50,44,2.0,0.0,0.0,10.0,12.2,67.30000000000001,1.4787576366283137,1.4142135623730951,0.0,3.1622776601683795,1.2589254117941673,0.0,2.3020775179631467,8.203657720797475
6,1,100.0,0.0,0.0,0.0,0.0,0.0,1.1962311988513155,10.0,0.0,0.0,0.0,0.0,0.0,0.0
90,12,7.1,21.4,3.3000000000000003,2.2,0.0,7.1,1.5682823361402,2.6645825188948455,1.8165902124584952,1.4832396974191326,1.0820373898183429,2.776331098545561,0.0,2.6645825188948455
87,15,5.9,5.9,5.7,2.3,0.0,0.0,1.5629746177521227,2.4289915602982237,2.3874672772626644,1.51657508881031,1.0868579428992127,1.8069688693211896,0.0,0.0
163,25,11.1,0.0,4.3,1.2,0.0,22.2,1.6642507465527614,3.331666249791536,2.073644135332772,1.0954451150103321,1.0183993761470242,0.0,0.0,4.711687595755898
923,131,11.7,1.7999999999999998,2.3,4.2,1.7999999999999998,31.3,1.9793389462888913,3.420526275297414,1.51657508881031,2.04939015319192,1.1543165676600577,1.21644039911468,1.21644039911468,5.594640292279746
30,7,0.0,0.0,0.0,3.3000000000000003,25.0,62.5,1.405115826483646,0.0,0.0,1.8165902124584952,1.126811819999242,0.0,2.924017738212866,7.905694150420948
10,1,0.0,0.0,0.0,0.0,0.0,0.0,1.2589254117941673,0.0,0.0,0.0,0.0,0.0,0.0,0.0
18,2,0.0,0.0,0.0,0.0,0.0,100.0,1.335141362540313,0.0,0.0,0.0,0.0,0.0,0.0,10.0
9,2,0.0,0.0,0.0,11.1,0.0,66.7,1.2457309396155174,0.0,0.0,3.331666249791536,1.2721323532877689,0.0,0.0,8.167006795638168
59,10,8.3,8.3,6.800000000000001,3.4000000000000004,0.0,0.0,1.5034368858142386,2.8809720581775866,2.6076809620810595,1.8439088914585775,1.1301807132434794,2.024693852005457,0.0,0.0
119,20,3.8,0.0,0.0,5.0,3.8,46.2,1.612704122561278,1.9493588689617927,0.0,2.23606797749979,1.174618943088019,0.0,1.5604907507078847,6.797058187186572
77,12,13.3,0.0,5.2,3.9,0.0,6.7,1.5440063158727362,3.646916505762094,2.280350850198276,1.9748417658131499,1.145793780982531,0.0,0.0,2.588435821108957
83,20,18.2,0.0,10.8,2.4,4.5,0.0,1.5556353708263266,4.266145801540309,3.286335345030997,1.5491933384829668,1.091493425617897,0.0,1.6509636244473134,0.0
36,5,0.0,0.0,2.8000000000000003,2.8000000000000003,0.0,33.300000000000004,1.4309690811052556,0.0,1.6733200530681511,1.6733200530681511,1.108449222600272,0.0,0.0,5.770615218501404
89,16,5.6000000000000005,16.7,5.6000000000000005,2.2,0.0,5.6000000000000005,1.5665310257218434,2.3664319132398464,2.3664319132398464,1.4832396974191326,1.0820373898183429,2.5560665504814426,0.0,2.3664319132398464
16,3,0.0,0.0,0.0,0.0,0.0,66.7,1.3195079107728942,0.0,0.0,0.0,0.0,0.0,0.0,8.167006795638168
79,13,35.7,0.0,5.1,1.3,0.0,7.1,1.547970603881666,5.974947698515862,2.258317958127243,1.140175425099138,1.026583631304232,0.0,0.0,2.6645825188948455
92,15,20.0,6.7,5.4,0.0,0.0,0.0,1.5717330400034728,4.47213595499958,2.32379000772445,0.0,0.0,1.885203631020986,0.0,0.0
50,9,0.0,0.0,4.0,0.0,22.2,33.300000000000004,1.4787576366283137,0.0,2.0,0.0,0.0,0.0,2.810504757710476,5.770615218501404
20,3,0.0,0.0,0.0,5.0,25.0,25.0,1.3492828476735634,0.0,0.0,2.23606797749979,1.174618943088019,0.0,2.924017738212866,5.0
9,1,0.0,0.0,0.0,0.0,0.0,0.0,1.2457309396155174,0.0,0.0,0.0,0.0,0.0,0.0,0.0
47,7,0.0,11.1,4.3,4.3,0.0,11.1,1.4696360133599293,0.0,2.073644135332772,2.073644135332772,1.1570359301034678,2.2306991044756197,0.0,3.331666249791536
12,1,0.0,100.0,0.0,16.7,0.0,0.0,1.2820888539868154,0.0,0.0,4.08656334834051,1.3251701574928543,4.641588833612778,0.0,0.0
16,3,0.0,0.0,0.0,0.0,0.0,100.0,1.3195079107728942,0.0,0.0,0.0,0.0,0.0,0.0,10.0
54,6,0.0,8.3,0.0,11.1,0.0,0.0,1.490182215342446,0.0,0.0,3.331666249791536,1.2721323532877689,2.024693852005457,0.0,0.0
53,46,2.0,0.0,0.0,7.5,7.8,76.5,1.487399348620308,1.4142135623730951,0.0,2.7386127875258306,1.223224374241637,0.0,1.9831924826807745,8.74642784226795
38,6,0.0,0.0,2.6,5.3,11.1,44.4,1.4387268865499157,0.0,1.61245154965971,2.3021728866442674,1.1814832989196156,0.0,2.2306991044756197,6.663332499583072
77,11,15.4,7.7,2.6,2.6,0.0,0.0,1.5440063158727362,3.924283374069717,1.61245154965971,1.61245154965971,1.100265093106018,1.9746808222123668,0.0,0.0
30,5,0.0,0.0,3.3000000000000003,6.7,0.0,57.1,1.405115826483646,0.0,1.8165902124584952,2.588435821108957,1.2095044770593142,0.0,0.0,7.556454194925025
40,5,0.0,40.0,2.5,0.0,0.0,0.0,1.4461255495919247,0.0,1.5811388300841898,0.0,0.0,3.4199518933533937,0.0,0.0
83,15,12.5,0.0,3.6,1.2,6.2,43.8,1.5556353708263266,3.5355339059327378,1.8973665961010275,1.0954451150103321,1.0183993761470242,0.0,1.8370905500142276,6.618156843109719
58,8,0.0,8.3,0.0,5.2,16.7,41.7,1.50086904106665,0.0,0.0,2.280350850198276,1.179234928546054,2.024693852005457,2.5560665504814426,6.457553716385176
20,4,0.0,0.0,0.0,5.0,40.0,40.0,1.3492828476735634,0.0,0.0,2.23606797749979,1.174618943088019,0.0,3.4199518933533937,6.324555320336759
18,4,0.0,0.0,0.0,11.1,0.0,66.7,1.335141362540313,0.0,0.0,3.331666249791536,1.2721323532877689,0.0,0.0,8.167006795638168
45,7,0.0,12.5,4.4,2.2,0.0,0.0,1.4632591596632238,0.0,2.0976176963403033,1.4832396974191326,1.0820373898183429,2.320794416806389,0.0,0.0
82,9,10.0,10.0,2.4,2.4,0.0,10.0,1.5537508714732025,3.1622776601683795,1.5491933384829668,1.5491933384829668,1.091493425617897,2.154434690031884,0.0,3.1622776601683795
13,4,0.0,0.0,0.0,0.0,0.0,100.0,1.2923922207808318,0.0,0.0,0.0,0.0,0.0,0.0,10.0
38,6,0.0,16.7,5.3,2.6,0.0,16.7,1.4387268865499157,0.0,2.3021728866442674,1.61245154965971,1.100265093106018,2.5560665504814426,0.0,4.08656334834051
28,4,0.0,0.0,3.6,3.6,0.0,60.0,1.3954548940149718,0.0,1.8973665961010275,1.8973665961010275,1.1366591441393648,0.0,0.0,7.745966692414834
252,42,8.7,10.9,5.2,1.6,2.2,26.1,1.7383613363123431,2.949576240750525,2.280350850198276,1.2649110640673518,1.0481223894689577,2.217220230966632,1.300591446851387,5.10881590977792
40,5,14.3,14.3,0.0,5.0,0.0,14.3,1.4461255495919247,3.7815340802378077,0.0,2.23606797749979,1.174618943088019,2.4272360429169444,0.0,3.7815340802378077
17,2,0.0,0.0,0.0,0.0,0.0,50.0,1.3275316748885193,0.0,0.0,0.0,0.0,0.0,0.0,7.0710678118654755
50,1,0.0,33.300000000000004,0.0,18.0,0.0,0.0,1.4787576366283137,0.0,0.0,4.242640687119285,1.335141362540313,3.2172248249150837,0.0,0.0
48,9,0.0,0.0,2.1,8.3,0.0,53.8,1.4727333575346888,0.0,1.449137674618944,2.8809720581775866,1.235685097983129,0.0,0.0,7.334848328356899
58,9,0.0,9.1,1.7000000000000002,1.7000000000000002,18.2,45.5,1.50086904106665,0.0,1.3038404810405297,1.3038404810405297,1.0544958918547662,2.087759478663449,2.6304121142856256,6.745368781616021
36,6,0.0,0.0,0.0,2.8000000000000003,14.3,28.6,1.4309690811052556,0.0,0.0,1.6733200530681511,1.108449222600272,0.0,2.4272360429169444,5.347896782848375
30,6,16.7,0.0,3.3000000000000003,0.0,16.7,50.0,1.405115826483646,4.08656334834051,1.8165902124584952,0.0,0.0,0.0,2.5560665504814426,7.0710678118654755
17,2,0.0,0.0,0.0,0.0,0.0,50.0,1.3275316748885193,0.0,0.0,0.0,0.0,0.0,0.0,7.0710678118654755
36,4,0.0,0.0,0.0,0.0,0.0,75.0,1.4309690811052556,0.0,0.0,0.0,0.0,0.0,0.0,8.660254037844387
18,2,0.0,50.0,0.0,0.0,0.0,0.0,1.335141362540313,0.0,0.0,0.0,0.0,3.6840314986403864,0.0,0.0
147,25,0.0,0.0,0.0,14.3,0.0,56.8,1.6471446252729616,0.0,0.0,3.7815340802378077,1.3047689218633443,0.0,0.0,7.536577472566709
79,13,0.0,17.599999999999998,3.8,5.1,0.0,5.9,1.547970603881666,0.0,1.9493588689617927,2.258317958127243,1.1769473018226546,2.6011828937027737,0.0,2.4289915602982237
271,40,14.6,6.2,3.7,4.1000000000000005,4.2,27.1,1.7510434757409536,3.82099463490856,1.9235384061671346,2.024845673131659,1.1515382961787317,1.8370905500142276,1.6134286460245437,5.205766033928148
78,12,0.0,25.0,2.6,2.6,0.0,25.0,1.5459998956507686,0.0,1.61245154965971,1.61245154965971,1.100265093106018,2.924017738212866,0.0,5.0
73,15,0.0,0.0,5.5,0.0,0.0,6.7,1.5357915933617867,0.0,2.345207879911715,0.0,0.0,0.0,0.0,2.588435821108957
42,4,0.0,8.3,0.0,21.4,8.3,8.3,1.4531984602822678,0.0,0.0,4.626013402488151,1.3584428658411765,2.024693852005457,2.024693852005457,2.8809720581775866
32,5,0.0,0.0,0.0,6.2,0.0,71.39999999999999,1.4142135623730951,0.0,0.0,2.4899799195977463,1.2001600575667746,0.0,0.0,8.449852069711042
8,2,0.0,0.0,0.0,0.0,0.0,100.0,1.2311444133449163,0.0,0.0,0.0,0.0,0.0,0.0,10.0
334,54,6.3,4.8,4.2,2.7,9.5,22.2,1.7880293637539828,2.5099800796022267,2.04939015319192,1.6431676725154984,1.1044253752367947,1.6868653306034984,2.1179117921274466,4.711687595755898
54,8,0.0,11.1,3.7,1.9,0.0,11.1,1.490182215342446,0.0,1.9235384061671346,1.378404875209022,1.0662900584785258,2.2306991044756197,0.0,3.331666249791536
23,4,0.0,0.0,0.0,0.0,0.0,100.0,1.368273083326153,0.0,0.0,0.0,0.0,0.0,0.0,10.0
106,13,0.0,4.8,0.8999999999999999,8.5,0.0,28.6,1.5941551500450146,0.0,0.9486832980505138,2.9154759474226504,1.2386308499811036,1.6868653306034984,0.0,5.347896782848375
13,2,0.0,0.0,0.0,23.1,25.0,0.0,1.2923922207808318,0.0,0.0,4.806245936279167,1.3688668239243005,0.0,2.924017738212866,0.0
28,5,0.0,0.0,0.0,0.0,0.0,100.0,1.3954548940149718,0.0,0.0,0.0,0.0,0.0,0.0,10.0
42,2,0.0,0.0,0.0,14.3,33.300000000000004,0.0,1.4531984602822678,0.0,0.0,3.7815340802378077,1.3047689218633443,0.0,3.2172248249150837,0.0
12,2,0.0,0.0,0.0,0.0,0.0,100.0,1.2820888539868154,0.0,0.0,0.0,0.0,0.0,0.0,10.0
8,2,0.0,0.0,12.5,0.0,0.0,0.0,1.2311444133449163,0.0,3.5355339059327378,0.0,0.0,0.0,0.0,0.0
91,16,5.9,5.9,6.6000000000000005,1.1,5.9,5.9,1.570016220211393,2.4289915602982237,2.569046515733026,1.0488088481701516,1.009576582776887,1.8069688693211896,1.8069688693211896,2.4289915602982237
59,10,9.1,9.1,5.1,3.4000000000000004,0.0,9.1,1.5034368858142386,3.0166206257996713,2.258317958127243,1.8439088914585775,1.1301807132434794,2.087759478663449,0.0,3.0166206257996713
332,53,13.8,5.2,4.8,1.2,0.0,13.8,1.7869557914434038,3.714835124201342,2.1908902300206643,1.0954451150103321,1.0183993761470242,1.7324782106818055,0.0,3.714835124201342
41,7,0.0,0.0,0.0,4.9,12.5,62.5,1.4497008237135636,0.0,0.0,2.2135943621178655,1.1722482903028724,0.0,2.320794416806389,7.905694150420948
43,11,16.7,8.3,11.6,2.3,0.0,8.3,1.4566219347661553,4.08656334834051,3.40587727318528,1.51657508881031,1.0868579428992127,2.024693852005457,0.0,2.8809720581775866
76,9,0.0,16.7,0.0,6.6000000000000005,0.0,50.0,1.5419892968416637,0.0,0.0,2.569046515733026,1.2076870059474099,2.5560665504814426,0.0,7.0710678118654755
38,1,0.0,0.0,0.0,18.4,0.0,0.0,1.4387268865499157,0.0,0.0,4.2895221179054435,1.3380790844999138,0.0,0.0,0.0
501,64,6.800000000000001,3.4000000000000004,1.4,5.6000000000000005,2.3,19.3,1.8620175610770353,2.6076809620810595,1.1832159566199232,2.3664319132398464,1.1880064613519559,1.5036945962049748,1.3200061217959123,4.39317652729776
218,34,2.5,2.5,3.7,2.8000000000000003,0.0,32.5,1.713348265920711,1.5811388300841898,1.9235384061671346,1.6733200530681511,1.108449222600272,1.3572088082974532,0.0,5.70087712549569
224,33,5.0,2.5,2.7,3.1,0.0,30.0,1.7180064968413549,2.23606797749979,1.6431676725154984,1.760681686165901,1.1197889288345146,1.3572088082974532,0.0,5.477225575051661
14,2,0.0,0.0,0.0,0.0,50.0,0.0,1.3020054543174677,0.0,0.0,0.0,0.0,0.0,3.6840314986403864,0.0
11,2,0.0,0.0,0.0,0.0,0.0,100.0,1.2709816152101407,0.0,0.0,0.0,0.0,0.0,0.0,10.0
13,2,0.0,0.0,0.0,0.0,0.0,100.0,1.2923922207808318,0.0,0.0,0.0,0.0,0.0,0.0,10.0
59,10,9.1,18.2,5.1,3.4000000000000004,0.0,0.0,1.5034368858142386,3.0166206257996713,2.258317958127243,1.8439088914585775,1.1301807132434794,2.6304121142856256,0.0,0.0
42,9,0.0,0.0,0.0,9.5,20.0,26.700000000000003,1.4531984602822678,0.0,0.0,3.082207001484488,1.252484501515308,0.0,2.7144176165949063,5.167204273105526
108,19,14.3,14.3,4.6,2.8000000000000003,0.0,9.5,1.5971377527475774,3.7815340802378077,2.1447610589527217,1.6733200530681511,1.108449222600272,2.4272360429169444,0.0,3.082207001484488
19,2,50.0,0.0,0.0,0.0,0.0,0.0,1.3423796509621049,7.0710678118654755,0.0,0.0,0.0,0.0,0.0,0.0
75,9,0.0,0.0,0.0,2.7,0.0,81.8,1.5399482490588157,0.0,0.0,1.6431676725154984,1.1044253752367947,0.0,0.0,9.044335243676011
23,4,0.0,0.0,0.0,4.3,0.0,100.0,1.368273083326153,0.0,0.0,2.073644135332772,1.1570359301034678,0.0,0.0,10.0
38,5,0.0,0.0,2.6,2.6,0.0,50.0,1.4387268865499157,0.0,1.61245154965971,1.61245154965971,1.100265093106018,0.0,0.0,7.0710678118654755
23,1,0.0,0.0,0.0,13.0,0.0,66.7,1.368273083326153,0.0,0.0,3.605551275463989,1.2923922207808318,0.0,0.0,8.167006795638168
73,16,6.2,6.2,6.800000000000001,0.0,0.0,0.0,1.5357915933617867,2.4899799195977463,2.6076809620810595,0.0,0.0,1.8370905500142276,0.0,0.0
29,5,0.0,0.0,6.9,0.0,0.0,20.0,1.400360331291396,0.0,2.6267851073127395,0.0,0.0,0.0,0.0,4.47213595499958
9,2,0.0,0.0,0.0,0.0,66.7,0.0,1.2457309396155174,0.0,0.0,0.0,0.0,0.0,4.055477018001903,0.0
109,18,4.3,4.3,3.7,5.5,0.0,13.0,1.5986104580964025,2.073644135332772,1.9235384061671346,2.345207879911715,1.185867778627801,1.6261333316791686,0.0,3.605551275463989
31,8,0.0,0.0,0.0,16.1,23.1,38.5,1.4097307383555406,0.0,0.0,4.012480529547776,1.320330292909374,0.0,2.8479825673300656,6.2048368229954285
7,1,0.0,0.0,0.0,0.0,0.0,0.0,1.214814044039067,0.0,0.0,0.0,0.0,0.0,0.0,0.0
192,27,14.7,2.9000000000000004,2.1,4.7,2.9000000000000004,11.8,1.6917263851493571,3.8340579025361627,1.449137674618944,2.16794833886788,1.1673733801794233,1.4260431471424087,1.4260431471424087,3.4351128074635335
117,2,0.0,0.0,0.0,76.9,0.0,50.0,1.609972975545091,0.0,0.0,8.769264507357502,1.5438056782883063,0.0,0.0,7.0710678118654755
43,7,0.0,25.0,2.3,7.000000000000001,12.5,0.0,1.4566219347661553,0.0,1.51657508881031,2.6457513110645907,1.214814044039067,2.924017738212866,2.320794416806389,0.0
272,37,8.7,6.5,1.7999999999999998,3.3000000000000003,0.0,30.4,1.7516885468169912,2.949576240750525,1.3416407864998738,1.8165902124584952,1.126811819999242,1.866255578408624,0.0,5.513619500836088
90,19,15.8,10.5,12.2,0.0,0.0,0.0,1.5682823361402,3.9749213828703582,3.492849839314596,0.0,0.0,2.1897595699439445,0.0,0.0
25,3,0.0,0.0,0.0,0.0,0.0,100.0,1.379729661461215,0.0,0.0,0.0,0.0,0.0,0.0,10.0
271,41,11.4,6.800000000000001,4.1000000000000005,1.1,0.0,22.7,1.7510434757409536,3.3763886032268267,2.024845673131659,1.0488088481701516,1.009576582776887,1.8945364743718192,0.0,4.764451699828638
20,4,0.0,0.0,0.0,0.0,40.0,40.0,1.3492828476735634,0.0,0.0,0.0,0.0,0.0,3.4199518933533937,6.324555320336759
28,5,0.0,0.0,0.0,3.6,14.3,57.1,1.3954548940149718,0.0,0.0,1.8973665961010275,1.1366591441393648,0.0,2.4272360429169444,7.556454194925025
93,15,12.5,12.5,5.4,1.1,0.0,25.0,1.5734331462265458,3.5355339059327378,2.32379000772445,1.0488088481701516,1.009576582776887,2.320794416806389,0.0,5.0
53,6,0.0,0.0,1.9,3.8,0.0,0.0,1.487399348620308,0.0,1.378404875209022,1.9493588689617927,1.1428213880435563,0.0,0.0,0.0
19,3,0.0,0.0,0.0,0.0,0.0,100.0,1.3423796509621049,0.0,0.0,0.0,0.0,0.0,0.0,10.0
55,8,11.1,22.2,3.6,1.7999999999999998,0.0,0.0,1.4929190815424387,3.331666249791536,1.8973665961010275,1.3416407864998738,1.0605404816140187,2.810504757710476,0.0,0.0
20,2,0.0,0.0,0.0,5.0,0.0,66.7,1.3492828476735634,0.0,0.0,2.23606797749979,1.174618943088019,0.0,0.0,8.167006795638168
84,14,14.3,0.0,4.8,0.0,0.0,28.6,1.557499545529136,3.7815340802378077,2.1908902300206643,0.0,0.0,0.0,0.0,5.347896782848375
7,1,0.0,0.0,0.0,0.0,0.0,0.0,1.214814044039067,0.0,0.0,0.0,0.0,0.0,0.0,0.0
241,35,13.5,13.5,3.3000000000000003,1.2,0.0,2.7,1.7306199438237289,3.6742346141747673,1.8165902124584952,1.0954451150103321,1.0183993761470242,2.381101577952299,0.0,1.6431676725154984
46,8,0.0,0.0,2.2,4.3,20.0,40.0,1.466478780211681,0.0,1.4832396974191326,2.073644135332772,1.1570359301034678,0.0,2.7144176165949063,6.324555320336759
10,3,0.0,0.0,10.0,0.0,66.7,0.0,1.2589254117941673,0.0,3.1622776601683795,0.0,0.0,0.0,4.055477018001903,0.0
11,2,0.0,0.0,0.0,0.0,0.0,50.0,1.2709816152101407,0.0,0.0,0.0,0.0,0.0,0.0,7.0710678118654755
93,15,5.3,10.5,3.2,4.3,0.0,5.3,1.5734331462265458,2.3021728866442674,1.7888543819998317,2.073644135332772,1.1570359301034678,2.1897595699439445,0.0,2.3021728866442674
411,61,8.799999999999999,16.2,3.9,1.7000000000000002,2.9000000000000004,19.1,1.8255098565146033,2.966479394838265,1.9748417658131499,1.3038404810405297,1.0544958918547662,2.5302979959052476,1.4260431471424087,4.370354676682432
31,5,0.0,0.0,0.0,3.2,14.3,57.1,1.4097307383555406,0.0,0.0,1.7888543819998317,1.1233497625229583,0.0,2.4272360429169444,7.556454194925025
65,10,8.3,0.0,3.1,3.1,0.0,16.7,1.5180683844287584,2.8809720581775866,1.760681686165901,1.760681686165901,1.1197889288345146,0.0,0.0,4.08656334834051
72,10,0.0,0.0,0.0,8.3,12.5,50.0,1.5336746868385573,0.0,0.0,2.8809720581775866,1.235685097983129,0.0,2.320794416806389,7.0710678118654755
10,1,0.0,0.0,0.0,0.0,0.0,0.0,1.2589254117941673,0.0,0.0,0.0,0.0,0.0,0.0,0.0
88,1,0.0,0.0,0.0,100.0,0.0,0.0,1.5647619150300627,0.0,0.0,10.0,1.5848931924611136,0.0,0.0,0.0
83,14,21.4,0.0,3.6,0.0,0.0,7.1,1.5556353708263266,4.626013402488151,1.8973665961010275,0.0,0.0,0.0,0.0,2.6645825188948455
69,13,7.1,14.3,5.800000000000001,4.3,7.1,0.0,1.5271612967071428,2.6645825188948455,2.4083189157584592,2.073644135332772,1.1570359301034678,2.4272360429169444,1.9219973427746713,0.0
79,12,8.3,0.0,3.8,1.3,8.3,58.3,1.547970603881666,2.8809720581775866,1.9493588689617927,1.140175425099138,1.026583631304232,0.0,2.024693852005457,7.635443667528429
62,9,0.0,0.0,1.6,3.2,16.7,58.3,1.510911994691163,0.0,1.2649110640673518,1.7888543819998317,1.1233497625229583,0.0,2.5560665504814426,7.635443667528429
149,20,0.0,26.1,2.0,3.4000000000000004,0.0,13.0,1.6493720349527217,0.0,1.4142135623730951,1.8439088914585775,1.1301807132434794,2.9662892813449506,0.0,3.605551275463989
29,3,33.300000000000004,0.0,0.0,0.0,0.0,0.0,1.400360331291396,5.770615218501404,0.0,0.0,0.0,0.0,0.0,0.0
59,13,14.3,7.1,6.800000000000001,1.7000000000000002,0.0,0.0,1.5034368858142386,3.7815340802378077,2.6076809620810595,1.3038404810405297,1.0544958918547662,1.9219973427746713,0.0,0.0
15,4,0.0,0.0,0.0,13.3,50.0,16.7,1.31101942303975,0.0,0.0,3.646916505762094,1.2953441380589512,0.0,3.6840314986403864,4.08656334834051
24,4,0.0,0.0,0.0,4.2,50.0,50.0,1.3741088103166372,0.0,0.0,2.04939015319192,1.1543165676600577,0.0,3.6840314986403864,7.0710678118654755
78,10,0.0,7.7,1.3,5.1,0.0,0.0,1.5459998956507686,0.0,1.140175425099138,2.258317958127243,1.1769473018226546,1.9746808222123668,0.0,0.0
28,6,0.0,0.0,0.0,3.6,0.0,71.39999999999999,1.3954548940149718,0.0,0.0,1.8973665961010275,1.1366591441393648,0.0,0.0,8.449852069711042
23,4,0.0,25.0,4.3,0.0,0.0,50.0,1.368273083326153,0.0,2.073644135332772,0.0,0.0,2.924017738212866,0.0,7.0710678118654755
10,2,33.300000000000004,0.0,10.0,10.0,0.0,0.0,1.2589254117941673,5.770615218501404,3.1622776601683795,3.1622776601683795,1.2589254117941673,0.0,0.0,0.0
85,14,0.0,6.2,4.7,3.5000000000000004,0.0,12.5,1.55934385287342,0.0,2.16794833886788,1.8708286933869709,1.1334615816706977,1.8370905500142276,0.0,3.5355339059327378
9,1,0.0,0.0,0.0,0.0,0.0,0.0,1.2457309396155174,0.0,0.0,0.0,0.0,0.0,0.0,0.0
161,26,23.1,11.5,4.3,0.0,0.0,7.7,1.6621973577052471,4.806245936279167,2.073644135332772,0.0,0.0,2.2571787177370006,0.0,2.7748873851023217
9,1,0.0,0.0,0.0,0.0,0.0,0.0,1.2457309396155174,0.0,0.0,0.0,0.0,0.0,0.0,0.0
33,4,0.0,25.0,0.0,0.0,0.0,75.0,1.4185720345070807,0.0,0.0,0.0,0.0,2.924017738212866,0.0,8.660254037844387
10,1,0.0,0.0,0.0,0.0,0.0,0.0,1.2589254117941673,0.0,0.0,0.0,0.0,0.0,0.0,0.0
43,8,0.0,0.0,2.3,0.0,25.0,50.0,1.4566219347661553,0.0,1.51657508881031,0.0,0.0,0.0,2.924017738212866,7.0710678118654755
29,6,0.0,11.1,0.0,3.4000000000000004,22.2,44.4,1.400360331291396,0.0,0.0,1.8439088914585775,1.1301807132434794,2.2306991044756197,2.810504757710476,6.663332499583072
21,4,0.0,0.0,0.0,4.8,20.0,60.0,1.3558821066938467,0.0,0.0,2.1908902300206643,1.1698336881100935,0.0,2.7144176165949063,7.745966692414834
47,6,0.0,0.0,0.0,2.1,0.0,85.7,1.4696360133599293,0.0,0.0,1.449137674618944,1.0770154403043632,0.0,0.0,9.257429448826494
71,10,0.0,18.2,2.8000000000000003,1.4,0.0,0.0,1.531531151659999,0.0,1.6733200530681511,1.1832159566199232,1.0342196941293802,2.6304121142856256,0.0,0.0
14,2,50.0,0.0,0.0,0.0,0.0,50.0,1.3020054543174677,7.0710678118654755,0.0,0.0,0.0,0.0,0.0,7.0710678118654755
32,4,0.0,0.0,3.1,0.0,0.0,50.0,1.4142135623730951,0.0,1.760681686165901,0.0,0.0,0.0,0.0,7.0710678118654755
14,1,0.0,0.0,0.0,0.0,0.0,0.0,1.3020054543174677,0.0,0.0,0.0,0.0,0.0,0.0,0.0
407,66,5.0,7.5,4.2,4.2,6.2,18.8,1.8237253753272908,2.23606797749979,2.04939015319192,2.04939015319192,1.1543165676600577,1.9574338205844317,1.8370905500142276,4.33589667773576
61,13,7.1,7.1,8.200000000000001,1.6,7.1,14.3,1.5084571694663824,2.6645825188948455,2.863564212655271,1.2649110640673518,1.0481223894689577,1.9219973427746713,1.9219973427746713,3.7815340802378077
23,6,0.0,0.0,0.0,8.7,25.0,50.0,1.368273083326153,0.0,0.0,2.949576240750525,1.2415148690379023,0.0,2.924017738212866,7.0710678118654755
38,5,0.0,0.0,0.0,0.0,20.0,80.0,1.4387268865499157,0.0,0.0,0.0,0.0,0.0,2.7144176165949063,8.94427190999916
82,11,6.7,0.0,0.0,6.1,6.7,60.0,1.5537508714732025,2.588435821108957,0.0,2.4698178070456938,1.1982101205794178,0.0,1.885203631020986,7.745966692414834
23,2,0.0,0.0,0.0,0.0,0.0,100.0,1.368273083326153,0.0,0.0,0.0,0.0,0.0,0.0,10.0
473,54,5.6000000000000005,4.2,1.7000000000000002,5.1,0.0,33.300000000000004,1.8513396993996083,2.3664319132398464,1.3038404810405297,2.258317958127243,1.1769473018226546,1.6134286460245437,0.0,5.770615218501404
93,15,20.0,20.0,3.2,0.0,6.7,0.0,1.5734331462265458,4.47213595499958,1.7888543819998317,0.0,0.0,2.7144176165949063,1.885203631020986,0.0
26,4,0.0,0.0,3.8,0.0,0.0,0.0,1.3851516854212416,0.0,1.9493588689617927,0.0,0.0,0.0,0.0,0.0
137,21,4.0,4.0,2.9000000000000004,2.9000000000000004,0.0,4.0,1.6355809994669548,2.0,1.7029386365926402,1.7029386365926402,1.1123457499326046,1.5874010519681994,0.0,2.0
10,1,0.0,0.0,0.0,0.0,0.0,0.0,1.2589254117941673,0.0,0.0,0.0,0.0,0.0,0.0,0.0
124,19,0.0,0.0,4.8,4.0,0.0,33.300000000000004,1.6193553801377651,0.0,2.1908902300206643,2.0,1.148698354997035,0.0,0.0,5.770615218501404
49,8,0.0,11.1,4.1000000000000005,2.0,0.0,11.1,1.4757731615945522,0.0,2.024845673131659,1.4142135623730951,1.0717734625362931,2.2306991044756197,0.0,3.331666249791536
36,6,0.0,14.3,0.0,2.8000000000000003,0.0,57.1,1.4309690811052556,0.0,0.0,1.6733200530681511,1.108449222600272,2.4272360429169444,0.0,7.556454194925025
86,14,11.1,0.0,5.800000000000001,4.7,0.0,0.0,1.5611687346306369,3.331666249791536,2.4083189157584592,2.16794833886788,1.1673733801794233,0.0,0.0,0.0
19,4,0.0,0.0,0.0,5.3,40.0,40.0,1.3423796509621049,0.0,0.0,2.3021728866442674,1.1814832989196156,0.0,3.4199518933533937,6.324555320336759
66,10,0.0,16.7,1.5,3.0,0.0,58.3,1.520387861280808,0.0,1.224744871391589,1.7320508075688772,1.1161231740339044,2.5560665504814426,0.0,7.635443667528429
104,19,4.2,4.2,4.8,4.8,0.0,12.5,1.5911214624647507,2.04939015319192,2.1908902300206643,2.1908902300206643,1.1698336881100935,1.6134286460245437,0.0,3.5355339059327378
6,1,0.0,100.0,0.0,0.0,0.0,0.0,1.1962311988513155,0.0,0.0,0.0,0.0,4.641588833612778,0.0,0.0
34,6,16.7,0.0,2.9000000000000004,0.0,0.0,16.7,1.4228132198218728,4.08656334834051,1.7029386365926402,0.0,0.0,0.0,0.0,4.08656334834051
21,3,0.0,0.0,0.0,0.0,0.0,100.0,1.3558821066938467,0.0,0.0,0.0,0.0,0.0,0.0,10.0
593,82,11.3,4.7,2.4,4.6,2.8000000000000003,19.8,1.8936751029569991,3.361547262794322,1.5491933384829668,2.1447610589527217,1.1648655007461621,1.6750686836022342,1.4094597464129783,4.449719092257398
30,5,0.0,0.0,0.0,6.7,25.0,37.5,1.405115826483646,0.0,0.0,2.588435821108957,1.2095044770593142,0.0,2.924017738212866,6.123724356957945
13,3,33.300000000000004,0.0,7.7,0.0,33.300000000000004,0.0,1.2923922207808318,5.770615218501404,2.7748873851023217,0.0,0.0,0.0,3.2172248249150837,0.0
19,2,0.0,0.0,0.0,0.0,0.0,100.0,1.3423796509621049,0.0,0.0,0.0,0.0,0.0,0.0,10.0
11,1,0.0,0.0,0.0,27.3,33.300000000000004,0.0,1.2709816152101407,0.0,0.0,5.224940191045253,1.3919263767102015,0.0,3.2172248249150837,0.0
58,8,0.0,0.0,1.7000000000000002,0.0,0.0,87.5,1.50086904106665,0.0,1.3038404810405297,0.0,0.0,0.0,0.0,9.354143466934854
83,17,5.6000000000000005,22.2,4.8,1.2,0.0,0.0,1.5556353708263266,2.3664319132398464,2.1908902300206643,1.0954451150103321,1.0183993761470242,2.810504757710476,0.0,0.0
40,7,0.0,12.5,2.5,2.5,0.0,12.5,1.4461255495919247,0.0,1.5811388300841898,1.5811388300841898,1.0959582263852172,2.320794416806389,0.0,3.5355339059327378
41,5,0.0,0.0,0.0,2.4,16.7,50.0,1.4497008237135636,0.0,0.0,1.5491933384829668,1.091493425617897,0.0,2.5560665504814426,7.0710678118654755
19,2,0.0,0.0,0.0,0.0,0.0,100.0,1.3423796509621049,0.0,0.0,0.0,0.0,0.0,0.0,10.0
64,12,7.7,7.7,4.7,1.6,0.0,0.0,1.5157165665103982,2.7748873851023217,2.16794833886788,1.2649110640673518,1.0481223894689577,1.9746808222123668,0.0,0.0
59,8,0.0,0.0,0.0,5.1,10.0,60.0,1.5034368858142386,0.0,0.0,2.258317958127243,1.1769473018226546,0.0,2.154434690031884,7.745966692414834
10,3,0.0,0.0,10.0,0.0,66.7,0.0,1.2589254117941673,0.0,3.1622776601683795,0.0,0.0,0.0,4.055477018001903,0.0
55,11,0.0,0.0,0.0,14.499999999999998,0.0,52.6,1.4929190815424387,0.0,0.0,3.807886552931954,1.3065823891342858,0.0,0.0,7.252585745787498
276,41,13.6,4.5,4.3,1.1,0.0,9.1,1.7542476693426339,3.687817782917155,2.073644135332772,1.0488088481701516,1.009576582776887,1.6509636244473134,0.0,3.0166206257996713
28,4,0.0,0.0,0.0,0.0,0.0,75.0,1.3954548940149718,0.0,0.0,0.0,0.0,0.0,0.0,8.660254037844387
15,3,0.0,0.0,0.0,0.0,0.0,66.7,1.31101942303975,0.0,0.0,0.0,0.0,0.0,0.0,8.167006795638168
18,4,0.0,0.0,0.0,5.6000000000000005,40.0,40.0,1.335141362540313,0.0,0.0,2.3664319132398464,1.1880064613519559,0.0,3.4199518933533937,6.324555320336759
73,8,0.0,12.5,1.4,1.4,0.0,62.5,1.5357915933617867,0.0,1.1832159566199232,1.1832159566199232,1.0342196941293802,2.320794416806389,0.0,7.905694150420948
27,3,33.300000000000004,0.0,0.0,0.0,0.0,66.7,1.3903891703159095,5.770615218501404,0.0,0.0,0.0,0.0,0.0,8.167006795638168
32,6,11.1,0.0,0.0,6.2,22.2,44.4,1.4142135623730951,3.331666249791536,0.0,2.4899799195977463,1.2001600575667746,0.0,2.810504757710476,6.663332499583072
20,4,0.0,25.0,0.0,0.0,0.0,75.0,1.3492828476735634,0.0,0.0,0.0,0.0,2.924017738212866,0.0,8.660254037844387
52,10,0.0,0.0,0.0,5.800000000000001,0.0,71.39999999999999,1.4845688180219065,0.0,0.0,2.4083189157584592,1.1921826559427973,0.0,0.0,8.449852069711042
19,1,0.0,0.0,0.0,10.5,0.0,100.0,1.3423796509621049,0.0,0.0,3.24037034920393,1.2650827381797884,0.0,0.0,10.0
49,9,0.0,0.0,0.0,4.1000000000000005,18.2,63.6,1.4757731615945522,0.0,0.0,2.024845673131659,1.1515382961787317,0.0,2.6304121142856256,7.974960814950754
94,15,5.3,26.3,3.2,3.2,10.5,5.3,1.5751168787068055,2.3021728866442674,1.7888543819998317,1.7888543819998317,1.1233497625229583,2.9738467389284104,2.1897595699439445,2.3021728866442674
259,38,11.9,4.8,3.5000000000000004,1.5,2.4,19.0,1.7431307989861904,3.449637662132068,1.8708286933869709,1.224744871391589,1.0413797439924106,1.6868653306034984,1.338865900164339,4.358898943540674
106,15,5.9,23.5,3.8,2.8000000000000003,0.0,11.8,1.5941551500450146,2.4289915602982237,1.9493588689617927,1.6733200530681511,1.108449222600272,2.8643271579912186,0.0,3.4351128074635335
68,11,0.0,7.7,2.9000000000000004,2.9000000000000004,7.7,30.8,1.5249334511509007,0.0,1.7029386365926402,1.7029386365926402,1.1123457499326046,1.9746808222123668,1.9746808222123668,5.549774770204643
53,8,0.0,0.0,0.0,3.8,0.0,80.0,1.487399348620308,0.0,0.0,1.9493588689617927,1.1428213880435563,0.0,0.0,8.94427190999916
15,3,33.300000000000004,0.0,0.0,0.0,0.0,66.7,1.31101942303975,5.770615218501404,0.0,0.0,0.0,0.0,0.0,8.167006795638168
90,12,6.2,0.0,2.2,5.6000000000000005,6.2,37.5,1.5682823361402,2.4899799195977463,1.4832396974191326,2.3664319132398464,1.1880064613519559,0.0,1.8370905500142276,6.123724356957945
64,8,0.0,0.0,0.0,3.1,0.0,87.5,1.5157165665103982,0.0,0.0,1.760681686165901,1.1197889288345146,0.0,0.0,9.354143466934854
20,3,0.0,0.0,0.0,5.0,25.0,25.0,1.3492828476735634,0.0,0.0,2.23606797749979,1.174618943088019,0.0,2.924017738212866,5.0
11,2,0.0,0.0,0.0,0.0,0.0,50.0,1.2709816152101407,0.0,0.0,0.0,0.0,0.0,0.0,7.0710678118654755
60,9,0.0,0.0,1.7000000000000002,1.7000000000000002,11.1,44.4,1.5059658546149226,0.0,1.3038404810405297,1.3038404810405297,1.0544958918547662,0.0,2.2306991044756197,6.663332499583072
1170,204,12.6,9.5,5.4,2.4,6.1,10.8,2.026835891215584,3.5496478698597698,2.32379000772445,1.5491933384829668,1.091493425617897,2.1179117921274466,1.8271601368635204,3.286335345030997
34,4,0.0,0.0,2.9000000000000004,2.9000000000000004,0.0,75.0,1.4228132198218728,0.0,1.7029386365926402,1.7029386365926402,1.1123457499326046,0.0,0.0,8.660254037844387
69,10,27.3,9.1,2.9000000000000004,1.4,0.0,0.0,1.5271612967071428,5.224940191045253,1.7029386365926402,1.1832159566199232,1.0342196941293802,2.087759478663449,0.0,0.0
71,9,0.0,0.0,1.4,2.8000000000000003,0.0,88.9,1.531531151659999,0.0,1.1832159566199232,1.6733200530681511,1.108449222600272,0.0,0.0,9.428679653058534
199,30,8.3,0.0,1.5,4.0,8.3,19.4,1.697795224351207,2.8809720581775866,1.224744871391589,2.0,1.148698354997035,0.0,2.024693852005457,4.404543109109048
30,2,0.0,0.0,0.0,3.3000000000000003,0.0,100.0,1.405115826483646,0.0,0.0,1.8165902124584952,1.126811819999242,0.0,0.0,10.0
22,4,0.0,0.0,0.0,0.0,0.0,100.0,1.362204366553743,0.0,0.0,0.0,0.0,0.0,0.0,10.0
64,11,7.7,7.7,3.1,3.1,0.0,0.0,1.5157165665103982,2.7748873851023217,1.760681686165901,1.760681686165901,1.1197889288345146,1.9746808222123668,0.0,0.0
21,4,0.0,0.0,0.0,4.8,40.0,40.0,1.3558821066938467,0.0,0.0,2.1908902300206643,1.1698336881100935,0.0,3.4199518933533937,6.324555320336759
18,2,0.0,25.0,0.0,22.2,0.0,0.0,1.335141362540313,0.0,0.0,4.711687595755898,1.363437697087675,2.924017738212866,0.0,0.0
31,3,0.0,0.0,0.0,0.0,0.0,100.0,1.4097307383555406,0.0,0.0,0.0,0.0,0.0,0.0,10.0
101,15,5.3,10.5,2.0,5.0,0.0,47.4,1.5864709984787195,2.3021728866442674,1.4142135623730951,2.23606797749979,1.174618943088019,2.1897595699439445,0.0,6.884765791223402
114,20,4.2,8.3,1.7999999999999998,3.5000000000000004,12.5,37.5,1.605796419184009,2.04939015319192,1.3416407864998738,1.8708286933869709,1.1334615816706977,2.024693852005457,2.320794416806389,6.123724356957945
20,3,0.0,25.0,0.0,5.0,0.0,0.0,1.3492828476735634,0.0,0.0,2.23606797749979,1.174618943088019,2.924017738212866,0.0,0.0
22,2,0.0,0.0,0.0,13.6,0.0,0.0,1.362204366553743,0.0,0.0,3.687817782917155,1.2982367261521606,0.0,0.0,0.0
87,11,14.3,7.1,1.1,3.4000000000000004,7.1,35.7,1.5629746177521227,3.7815340802378077,1.0488088481701516,1.8439088914585775,1.1301807132434794,1.9219973427746713,1.9219973427746713,5.974947698515862
75,11,27.3,9.1,5.3,0.0,0.0,0.0,1.5399482490588157,5.224940191045253,2.3021728866442674,0.0,0.0,2.087759478663449,0.0,0.0
521,85,16.7,15.6,4.6,1.0,0.0,1.1,1.869320515566402,4.08656334834051,2.1447610589527217,1.0,1.0,2.4986659549227817,0.0,1.0488088481701516
60,9,0.0,11.1,3.3000000000000003,0.0,11.1,22.2,1.5059658546149226,0.0,1.8165902124584952,0.0,0.0,2.2306991044756197,2.2306991044756197,4.711687595755898
85,12,16.7,8.3,4.7,0.0,0.0,25.0,1.55934385287342,4.08656334834051,2.16794833886788,0.0,0.0,2.024693852005457,0.0,5.0
69,11,0.0,18.2,5.800000000000001,0.0,0.0,36.4,1.5271612967071428,0.0,2.4083189157584592,0.0,0.0,2.6304121142856256,0.0,6.0332412515993425
18,3,0.0,0.0,0.0,5.6000000000000005,25.0,50.0,1.335141362540313,0.0,0.0,2.3664319132398464,1.1880064613519559,0.0,2.924017738212866,7.0710678118654755
30,7,0.0,0.0,3.3000000000000003,0.0,0.0,14.3,1.405115826483646,0.0,1.8165902124584952,0.0,0.0,0.0,0.0,3.7815340802378077
15,3,0.0,0.0,0.0,0.0,0.0,33.300000000000004,1.31101942303975,0.0,0.0,0.0,0.0,0.0,0.0,5.770615218501404
72,11,0.0,0.0,0.0,4.2,6.7,73.3,1.5336746868385573,0.0,0.0,2.04939015319192,1.1543165676600577,0.0,1.885203631020986,8.561541917201597
6,1,0.0,0.0,0.0,0.0,0.0,0.0,1.1962311988513155,0.0,0.0,0.0,0.0,0.0,0.0,0.0
109,18,15.8,10.5,4.6,0.8999999999999999,0.0,10.5,1.5986104580964025,3.9749213828703582,2.1447610589527217,0.9486832980505138,0.9895192582062143,2.1897595699439445,0.0,3.24037034920393
83,15,5.9,5.9,4.8,3.6,5.9,17.599999999999998,1.5556353708263266,2.4289915602982237,2.1908902300206643,1.8973665961010275,1.1366591441393648,1.8069688693211896,1.8069688693211896,4.195235392680606
75,12,15.4,7.7,4.0,1.3,0.0,7.7,1.5399482490588157,3.924283374069717,2.0,1.140175425099138,1.026583631304232,1.9746808222123668,0.0,2.7748873851023217
19,3,0.0,33.300000000000004,0.0,0.0,0.0,33.300000000000004,1.3423796509621049,0.0,0.0,0.0,0.0,3.2172248249150837,0.0,5.770615218501404
25,4,0.0,14.3,0.0,16.0,14.3,0.0,1.379729661461215,0.0,0.0,4.0,1.3195079107728942,2.4272360429169444,2.4272360429169444,0.0
37,7,0.0,0.0,0.0,5.4,18.2,45.5,1.4348951656753595,0.0,0.0,2.32379000772445,1.1836938085304842,0.0,2.6304121142856256,6.745368781616021
20,3,0.0,0.0,0.0,5.0,0.0,75.0,1.3492828476735634,0.0,0.0,2.23606797749979,1.174618943088019,0.0,0.0,8.660254037844387
44,9,0.0,0.0,2.3,6.800000000000001,0.0,58.3,1.4599744906233632,0.0,1.51657508881031,2.6076809620810595,1.2112976963247013,0.0,0.0,7.635443667528429
91,15,11.1,0.0,3.3000000000000003,3.3000000000000003,0.0,16.7,1.570016220211393,3.331666249791536,1.8165902124584952,1.8165902124584952,1.126811819999242,0.0,0.0,4.08656334834051
11,1,0.0,0.0,0.0,27.3,33.300000000000004,0.0,1.2709816152101407,0.0,0.0,5.224940191045253,1.3919263767102015,0.0,3.2172248249150837,0.0
21,1,0.0,0.0,0.0,9.5,0.0,33.300000000000004,1.3558821066938467,0.0,0.0,3.082207001484488,1.252484501515308,0.0,0.0,5.770615218501404
355,56,11.7,11.7,5.1,1.1,0.0,21.7,1.7989655026692446,3.420526275297414,2.258317958127243,1.0488088481701516,1.009576582776887,2.2701886806493845,0.0,4.658325879540846
95,14,7.1,21.4,4.2,0.0,0.0,14.3,1.5767845668359715,2.6645825188948455,2.04939015319192,0.0,0.0,2.776331098545561,0.0,3.7815340802378077
40,6,0.0,0.0,5.0,0.0,0.0,50.0,1.4461255495919247,0.0,2.23606797749979,0.0,0.0,0.0,0.0,7.0710678118654755
10,1,0.0,0.0,0.0,10.0,0.0,0.0,1.2589254117941673,0.0,0.0,3.1622776601683795,1.2589254117941673,0.0,0.0,0.0
86,17,0.0,21.1,5.800000000000001,2.3,0.0,5.3,1.5611687346306369,0.0,2.4083189157584592,1.51657508881031,1.0868579428992127,2.763296488254628,0.0,2.3021728866442674
90,17,22.2,0.0,5.6000000000000005,1.1,11.1,0.0,1.5682823361402,4.711687595755898,2.3664319132398464,1.0488088481701516,1.009576582776887,0.0,2.2306991044756197,0.0
30,5,14.3,0.0,0.0,6.7,14.3,42.9,1.405115826483646,3.7815340802378077,0.0,2.588435821108957,1.2095044770593142,0.0,2.4272360429169444,6.549809157525126
13,2,0.0,0.0,0.0,0.0,0.0,100.0,1.2923922207808318,0.0,0.0,0.0,0.0,0.0,0.0,10.0
3,1,0.0,0.0,0.0,0.0,0.0,0.0,1.1161231740339044,0.0,0.0,0.0,0.0,0.0,0.0,0.0
9,1,0.0,0.0,0.0,0.0,0.0,0.0,1.2457309396155174,0.0,0.0,0.0,0.0,0.0,0.0,0.0
18,2,0.0,0.0,0.0,0.0,0.0,50.0,1.335141362540313,0.0,0.0,0.0,0.0,0.0,0.0,7.0710678118654755
5,1,0.0,0.0,0.0,0.0,0.0,0.0,1.174618943088019,0.0,0.0,0.0,0.0,0.0,0.0,0.0
96,15,23.5,5.9,4.2,2.1,0.0,0.0,1.578436529997654,4.847679857416329,2.04939015319192,1.449137674618944,1.0770154403043632,1.8069688693211896,0.0,0.0
75,4,0.0,10.0,0.0,18.7,20.0,10.0,1.5399482490588157,0.0,0.0,4.324349662087931,1.3402448918620287,2.154434690031884,2.7144176165949063,3.1622776601683795
95,15,13.3,20.0,5.3,1.1,0.0,0.0,1.5767845668359715,3.646916505762094,2.3021728866442674,1.0488088481701516,1.009576582776887,2.7144176165949063,0.0,0.0
51,10,0.0,10.0,3.9,0.0,0.0,20.0,1.4816888666071193,0.0,1.9748417658131499,0.0,0.0,2.154434690031884,0.0,4.47213595499958
20,4,0.0,0.0,0.0,5.0,20.0,60.0,1.3492828476735634,0.0,0.0,2.23606797749979,1.174618943088019,0.0,2.7144176165949063,7.745966692414834
51,8,16.7,16.7,0.0,0.0,16.7,33.300000000000004,1.4816888666071193,4.08656334834051,0.0,0.0,0.0,2.5560665504814426,2.5560665504814426,5.770615218501404
32,4,0.0,0.0,3.1,0.0,0.0,0.0,1.4142135623730951,0.0,1.760681686165901,0.0,0.0,0.0,0.0,0.0
76,13,0.0,7.1,5.3,2.6,7.1,7.1,1.5419892968416637,0.0,2.3021728866442674,1.61245154965971,1.100265093106018,1.9219973427746713,1.9219973427746713,2.6645825188948455
24,3,0.0,33.300000000000004,0.0,0.0,0.0,0.0,1.3741088103166372,0.0,0.0,0.0,0.0,3.2172248249150837,0.0,0.0
101,16,11.8,0.0,4.0,1.0,0.0,29.4,1.5864709984787195,3.4351128074635335,2.0,1.0,1.0,0.0,0.0,5.422176684690384
40,6,0.0,0.0,2.5,0.0,0.0,83.3,1.4461255495919247,0.0,1.5811388300841898,0.0,0.0,0.0,0.0,9.126883367283709
76,9,0.0,0.0,1.3,2.6,0.0,72.7,1.5419892968416637,0.0,1.140175425099138,1.61245154965971,1.100265093106018,0.0,0.0,8.526429498916883
16,2,0.0,0.0,0.0,0.0,0.0,100.0,1.3195079107728942,0.0,0.0,0.0,0.0,0.0,0.0,10.0
96,14,6.2,6.2,2.1,2.1,0.0,6.2,1.578436529997654,2.4899799195977463,1.449137674618944,1.449137674618944,1.0770154403043632,1.8370905500142276,0.0,2.4899799195977463
64,10,15.4,15.4,1.6,6.2,7.7,7.7,1.5157165665103982,3.924283374069717,1.2649110640673518,2.4899799195977463,1.2001600575667746,2.4879419347290765,1.9746808222123668,2.7748873851023217
22,2,0.0,0.0,0.0,0.0,0.0,50.0,1.362204366553743,0.0,0.0,0.0,0.0,0.0,0.0,7.0710678118654755
88,16,0.0,10.5,4.5,3.4000000000000004,0.0,5.3,1.5647619150300627,0.0,2.1213203435596424,1.8439088914585775,1.1301807132434794,2.1897595699439445,0.0,2.3021728866442674
137,27,6.9,6.9,8.799999999999999,1.5,6.9,3.4000000000000004,1.6355809994669548,2.6267851073127395,2.966479394838265,1.224744871391589,1.0413797439924106,1.9037782619633032,1.9037782619633032,1.8439088914585775
40,1,0.0,0.0,0.0,17.5,0.0,0.0,1.4461255495919247,0.0,0.0,4.183300132670378,1.331385445092909,0.0,0.0,0.0
40,8,0.0,0.0,0.0,7.5,15.4,30.8,1.4461255495919247,0.0,0.0,2.7386127875258306,1.223224374241637,0.0,2.4879419347290765,5.549774770204643
93,12,0.0,0.0,0.0,6.5,11.8,58.8,1.5734331462265458,0.0,0.0,2.5495097567963922,1.2058445799940376,0.0,2.276638114962505,7.6681158050723255
18,2,0.0,0.0,0.0,5.6000000000000005,0.0,66.7,1.335141362540313,0.0,0.0,2.3664319132398464,1.1880064613519559,0.0,0.0,8.167006795638168
14,2,0.0,0.0,0.0,0.0,0.0,100.0,1.3020054543174677,0.0,0.0,0.0,0.0,0.0,0.0,10.0
12,2,0.0,0.0,0.0,0.0,0.0,100.0,1.2820888539868154,0.0,0.0,0.0,0.0,0.0,0.0,10.0
43,6,0.0,0.0,0.0,2.3,0.0,85.7,1.4566219347661553,0.0,0.0,1.51657508881031,1.0868579428992127,0.0,0.0,9.257429448826494
22,3,0.0,0.0,0.0,9.1,20.0,40.0,1.362204366553743,0.0,0.0,3.0166206257996713,1.2471082126890045,0.0,2.7144176165949063,6.324555320336759
76,10,0.0,0.0,0.0,6.6000000000000005,7.7,61.5,1.5419892968416637,0.0,0.0,2.569046515733026,1.2076870059474099,0.0,1.9746808222123668,7.842193570679061
29,7,0.0,0.0,0.0,0.0,28.6,71.39999999999999,1.400360331291396,0.0,0.0,0.0,0.0,0.0,3.058125783534594,8.449852069711042
87,17,15.8,5.3,8.0,2.3,0.0,0.0,1.5629746177521227,3.9749213828703582,2.8284271247461903,1.51657508881031,1.0868579428992127,1.7435134012651283,0.0,0.0
9,2,0.0,0.0,0.0,0.0,66.7,0.0,1.2457309396155174,0.0,0.0,0.0,0.0,0.0,4.055477018001903,0.0
64,10,18.2,9.1,3.1,4.7,0.0,18.2,1.5157165665103982,4.266145801540309,1.760681686165901,2.16794833886788,1.1673733801794233,2.087759478663449,0.0,4.266145801540309
24,4,0.0,25.0,0.0,0.0,0.0,75.0,1.3741088103166372,0.0,0.0,0.0,0.0,2.924017738212866,0.0,8.660254037844387
75,14,6.7,0.0,5.3,1.3,0.0,60.0,1.5399482490588157,2.588435821108957,2.3021728866442674,1.140175425099138,1.026583631304232,0.0,0.0,7.745966692414834
76,12,0.0,6.7,2.6,5.3,6.7,40.0,1.5419892968416637,0.0,1.61245154965971,2.3021728866442674,1.1814832989196156,1.885203631020986,1.885203631020986,6.324555320336759
73,12,8.3,25.0,5.5,0.0,0.0,8.3,1.5357915933617867,2.8809720581775866,2.345207879911715,0.0,0.0,2.924017738212866,0.0,2.8809720581775866
68,11,16.7,8.3,2.9000000000000004,2.9000000000000004,8.3,0.0,1.5249334511509007,4.08656334834051,1.7029386365926402,1.7029386365926402,1.1123457499326046,2.024693852005457,2.024693852005457,0.0
24,4,25.0,25.0,0.0,0.0,0.0,0.0,1.3741088103166372,5.0,0.0,0.0,0.0,2.924017738212866,0.0,0.0
104,15,12.5,0.0,3.8,1.0,0.0,0.0,1.5911214624647507,3.5355339059327378,1.9493588689617927,1.0,1.0,0.0,0.0,0.0
19,4,0.0,0.0,0.0,5.3,40.0,40.0,1.3423796509621049,0.0,0.0,2.3021728866442674,1.1814832989196156,0.0,3.4199518933533937,6.324555320336759
74,13,5.9,5.9,2.7,5.4,0.0,5.9,1.5378825600924682,2.4289915602982237,1.6431676725154984,2.32379000772445,1.1836938085304842,1.8069688693211896,0.0,2.4289915602982237
13,2,0.0,50.0,0.0,0.0,0.0,50.0,1.2923922207808318,0.0,0.0,0.0,0.0,3.6840314986403864,0.0,7.0710678118654755
93,13,0.0,14.3,4.3,1.1,0.0,0.0,1.5734331462265458,0.0,2.073644135332772,1.0488088481701516,1.009576582776887,2.4272360429169444,0.0,0.0
25,5,0.0,0.0,4.0,0.0,0.0,80.0,1.379729661461215,0.0,2.0,0.0,0.0,0.0,0.0,8.94427190999916
92,15,4.3,4.3,5.4,6.5,4.3,17.4,1.5717330400034728,2.073644135332772,2.32379000772445,2.5495097567963922,1.2058445799940376,1.6261333316791686,1.6261333316791686,4.171330722922842
9,1,0.0,0.0,0.0,11.1,0.0,0.0,1.2457309396155174,0.0,0.0,3.331666249791536,1.2721323532877689,0.0,0.0,0.0
17,2,0.0,0.0,0.0,0.0,0.0,0.0,1.3275316748885193,0.0,0.0,0.0,0.0,0.0,0.0,0.0
16,3,25.0,0.0,0.0,0.0,25.0,50.0,1.3195079107728942,5.0,0.0,0.0,0.0,0.0,2.924017738212866,7.0710678118654755
31,4,0.0,0.0,0.0,0.0,25.0,75.0,1.4097307383555406,0.0,0.0,0.0,0.0,0.0,2.924017738212866,8.660254037844387
24,3,0.0,0.0,0.0,4.2,0.0,25.0,1.3741088103166372,0.0,0.0,2.04939015319192,1.1543165676600577,0.0,0.0,5.0
14,2,0.0,0.0,0.0,0.0,0.0,100.0,1.3020054543174677,0.0,0.0,0.0,0.0,0.0,0.0,10.0
23,6,0.0,0.0,0.0,4.3,28.6,42.9,1.368273083326153,0.0,0.0,2.073644135332772,1.1570359301034678,0.0,3.058125783534594,6.549809157525126
16,2,0.0,33.300000000000004,0.0,6.2,0.0,0.0,1.3195079107728942,0.0,0.0,2.4899799195977463,1.2001600575667746,3.2172248249150837,0.0,0.0
44,7,0.0,10.0,0.0,9.1,0.0,60.0,1.4599744906233632,0.0,0.0,3.0166206257996713,1.2471082126890045,2.154434690031884,0.0,7.745966692414834
19,17,0.0,0.0,0.0,0.0,0.0,89.5,1.3423796509621049,0.0,0.0,0.0,0.0,0.0,0.0,9.460443964212251
34,4,0.0,20.0,0.0,2.9000000000000004,0.0,0.0,1.4228132198218728,0.0,0.0,1.7029386365926402,1.1123457499326046,2.7144176165949063,0.0,0.0
32,8,12.5,12.5,6.2,0.0,0.0,12.5,1.4142135623730951,3.5355339059327378,2.4899799195977463,0.0,0.0,2.320794416806389,0.0,3.5355339059327378
14,1,0.0,0.0,0.0,0.0,0.0,0.0,1.3020054543174677,0.0,0.0,0.0,0.0,0.0,0.0,0.0
19,17,0.0,0.0,0.0,0.0,0.0,89.5,1.3423796509621049,0.0,0.0,0.0,0.0,0.0,0.0,9.460443964212251
60,9,0.0,0.0,1.7000000000000002,5.0,7.7,38.5,1.5059658546149226,0.0,1.3038404810405297,2.23606797749979,1.174618943088019,0.0,1.9746808222123668,6.2048368229954285
206,32,2.9000000000000004,20.0,5.3,4.4,11.4,8.6,1.7036748881745338,1.7029386365926402,2.3021728866442674,2.0976176963403033,1.1596989598793381,2.7144176165949063,2.250617114677132,2.932575659723036
143,23,17.4,4.3,4.9,0.0,0.0,8.7,1.6426067522530423,4.171330722922842,2.2135943621178655,0.0,0.0,1.6261333316791686,0.0,2.949576240750525
10,2,0.0,0.0,0.0,0.0,0.0,0.0,1.2589254117941673,0.0,0.0,0.0,0.0,0.0,0.0,0.0
96,16,6.2,0.0,5.2,0.0,0.0,37.5,1.578436529997654,2.4899799195977463,2.280350850198276,0.0,0.0,0.0,0.0,6.123724356957945
66,10,9.1,0.0,3.0,3.0,9.1,0.0,1.520387861280808,3.0166206257996713,1.7320508075688772,1.7320508075688772,1.1161231740339044,0.0,2.087759478663449,0.0
184,30,12.1,9.1,4.9,1.6,0.0,9.1,1.6845417624672163,3.478505426185217,2.2135943621178655,1.2649110640673518,1.0481223894689577,2.087759478663449,0.0,3.0166206257996713
50,8,25.0,12.5,2.0,0.0,0.0,25.0,1.4787576366283137,5.0,1.4142135623730951,0.0,0.0,2.320794416806389,0.0,5.0
50,7,0.0,0.0,2.0,0.0,0.0,85.7,1.4787576366283137,0.0,1.4142135623730951,0.0,0.0,0.0,0.0,9.257429448826494
11,1,0.0,0.0,0.0,9.1,0.0,0.0,1.2709816152101407,0.0,0.0,3.0166206257996713,1.2471082126890045,0.0,0.0,0.0
18,2,0.0,25.0,0.0,22.2,0.0,0.0,1.335141362540313,0.0,0.0,4.711687595755898,1.363437697087675,2.924017738212866,0.0,0.0
40,6,0.0,0.0,0.0,0.0,0.0,83.3,1.4461255495919247,0.0,0.0,0.0,0.0,0.0,0.0,9.126883367283709
38,5,0.0,0.0,0.0,5.3,0.0,100.0,1.4387268865499157,0.0,0.0,2.3021728866442674,1.1814832989196156,0.0,0.0,10.0
6,2,0.0,0.0,0.0,0.0,0.0,50.0,1.1962311988513155,0.0,0.0,0.0,0.0,0.0,0.0,7.0710678118654755
73,10,0.0,6.2,0.0,8.200000000000001,0.0,50.0,1.5357915933617867,0.0,0.0,2.863564212655271,1.2341881869386229,1.8370905500142276,0.0,7.0710678118654755
11,1,0.0,0.0,0.0,27.3,33.300000000000004,0.0,1.2709816152101407,0.0,0.0,5.224940191045253,1.3919263767102015,0.0,3.2172248249150837,0.0
18,3,0.0,33.300000000000004,0.0,0.0,0.0,66.7,1.335141362540313,0.0,0.0,0.0,0.0,3.2172248249150837,0.0,8.167006795638168
117,16,9.1,4.5,0.8999999999999999,5.1,0.0,9.1,1.609972975545091,3.0166206257996713,0.9486832980505138,2.258317958127243,1.1769473018226546,1.6509636244473134,0.0,3.0166206257996713
89,17,10.0,10.0,5.6000000000000005,3.4000000000000004,0.0,0.0,1.5665310257218434,3.1622776601683795,2.3664319132398464,1.8439088914585775,1.1301807132434794,2.154434690031884,0.0,0.0
51,6,0.0,0.0,2.0,2.0,0.0,28.6,1.4816888666071193,0.0,1.4142135623730951,1.4142135623730951,1.0717734625362931,0.0,0.0,5.347896782848375
29,7,0.0,0.0,0.0,3.4000000000000004,25.0,50.0,1.400360331291396,0.0,0.0,1.8439088914585775,1.1301807132434794,0.0,2.924017738212866,7.0710678118654755
26,5,0.0,20.0,3.8,0.0,0.0,20.0,1.3851516854212416,0.0,1.9493588689617927,0.0,0.0,2.7144176165949063,0.0,4.47213595499958
81,14,13.3,13.3,2.5,1.2,0.0,0.0,1.5518455739153598,3.646916505762094,1.5811388300841898,1.0954451150103321,1.0183993761470242,2.369284502156768,0.0,0.0
71,10,0.0,9.1,4.2,4.2,0.0,9.1,1.531531151659999,0.0,2.04939015319192,2.04939015319192,1.1543165676600577,2.087759478663449,0.0,3.0166206257996713
13,2,0.0,50.0,0.0,0.0,0.0,0.0,1.2923922207808318,0.0,0.0,0.0,0.0,3.6840314986403864,0.0,0.0
60,10,20.0,10.0,8.3,0.0,0.0,0.0,1.5059658546149226,4.47213595499958,2.8809720581775866,0.0,0.0,2.154434690031884,0.0,0.0
17,3,33.300000000000004,0.0,5.9,0.0,0.0,0.0,1.3275316748885193,5.770615218501404,2.4289915602982237,0.0,0.0,0.0,0.0,0.0
17,2,0.0,50.0,0.0,0.0,0.0,0.0,1.3275316748885193,0.0,0.0,0.0,0.0,3.6840314986403864,0.0,0.0
10,1,0.0,0.0,0.0,0.0,0.0,0.0,1.2589254117941673,0.0,0.0,0.0,0.0,0.0,0.0,0.0
9,1,0.0,0.0,0.0,0.0,0.0,0.0,1.2457309396155174,0.0,0.0,0.0,0.0,0.0,0.0,0.0
19,4,0.0,25.0,0.0,0.0,0.0,50.0,1.3423796509621049,0.0,0.0,0.0,0.0,2.924017738212866,0.0,7.0710678118654755
10,1,0.0,0.0,0.0,0.0,0.0,0.0,1.2589254117941673,0.0,0.0,0.0,0.0,0.0,0.0,0.0
85,16,0.0,5.9,5.9,1.2,5.9,29.4,1.55934385287342,0.0,2.4289915602982237,1.0954451150103321,1.0183993761470242,1.8069688693211896,1.8069688693211896,5.422176684690384
54,9,0.0,0.0,0.0,0.0,20.0,80.0,1.490182215342446,0.0,0.0,0.0,0.0,0.0,2.7144176165949063,8.94427190999916
36,7,0.0,11.1,0.0,2.8000000000000003,11.1,66.7,1.4309690811052556,0.0,0.0,1.6733200530681511,1.108449222600272,2.2306991044756197,2.2306991044756197,8.167006795638168
64,13,14.3,0.0,7.8,3.1,0.0,21.4,1.5157165665103982,3.7815340802378077,2.792848008753788,1.760681686165901,1.1197889288345146,0.0,0.0,4.626013402488151
116,18,9.5,9.5,2.6,3.4000000000000004,4.8,9.5,1.6085916089575294,3.082207001484488,1.61245154965971,1.8439088914585775,1.1301807132434794,2.1179117921274466,1.6868653306034984,3.082207001484488
92,13,0.0,0.0,1.1,2.2,13.3,66.7,1.5717330400034728,0.0,1.0488088481701516,1.4832396974191326,1.0820373898183429,0.0,2.369284502156768,8.167006795638168
89,14,20.0,13.3,4.5,1.1,0.0,13.3,1.5665310257218434,4.47213595499958,2.1213203435596424,1.0488088481701516,1.009576582776887,2.369284502156768,0.0,3.646916505762094
24,4,0.0,0.0,0.0,8.3,16.7,50.0,1.3741088103166372,0.0,0.0,2.8809720581775866,1.235685097983129,0.0,2.5560665504814426,7.0710678118654755
102,16,23.5,0.0,3.9,1.0,0.0,5.9,1.588034806964988,4.847679857416329,1.9748417658131499,1.0,1.0,0.0,0.0,2.4289915602982237
60,8,10.0,10.0,3.3000000000000003,3.3000000000000003,0.0,0.0,1.5059658546149226,3.1622776601683795,1.8165902124584952,1.8165902124584952,1.126811819999242,2.154434690031884,0.0,0.0
9,1,0.0,0.0,0.0,11.1,0.0,0.0,1.2457309396155174,0.0,0.0,3.331666249791536,1.2721323532877689,0.0,0.0,0.0
24,4,0.0,25.0,4.2,0.0,0.0,25.0,1.3741088103166372,0.0,2.04939015319192,0.0,0.0,2.924017738212866,0.0,5.0
9,1,0.0,0.0,0.0,0.0,0.0,0.0,1.2457309396155174,0.0,0.0,0.0,0.0,0.0,0.0,0.0
109,20,15.0,5.0,4.6,0.0,0.0,25.0,1.5986104580964025,3.872983346207417,2.1447610589527217,0.0,0.0,1.7099759466766968,0.0,5.0
87,17,5.6000000000000005,16.7,8.0,1.1,0.0,0.0,1.5629746177521227,2.3664319132398464,2.8284271247461903,1.0488088481701516,1.009576582776887,2.5560665504814426,0.0,0.0
18,2,0.0,50.0,0.0,5.6000000000000005,0.0,50.0,1.335141362540313,0.0,0.0,2.3664319132398464,1.1880064613519559,3.6840314986403864,0.0,7.0710678118654755
79,13,13.3,6.7,3.8,2.5,0.0,13.3,1.547970603881666,3.646916505762094,1.9493588689617927,1.5811388300841898,1.0959582263852172,1.885203631020986,0.0,3.646916505762094
17,3,0.0,0.0,0.0,0.0,33.300000000000004,66.7,1.3275316748885193,0.0,0.0,0.0,0.0,0.0,3.2172248249150837,8.167006795638168
39,5,0.0,0.0,2.6,0.0,0.0,40.0,1.4424689075546286,0.0,1.61245154965971,0.0,0.0,0.0,0.0,6.324555320336759
110,17,25.0,0.0,2.7,2.7,0.0,5.0,1.600071053311242,5.0,1.6431676725154984,1.6431676725154984,1.1044253752367947,0.0,0.0,2.23606797749979
295,41,14.9,8.5,3.7,2.4,0.0,2.1,1.7659654458146636,3.8600518131237567,1.9235384061671346,1.5491933384829668,1.091493425617897,2.040827550958674,0.0,1.449137674618944
22,2,0.0,0.0,0.0,0.0,0.0,100.0,1.362204366553743,0.0,0.0,0.0,0.0,0.0,0.0,10.0
75,13,14.3,14.3,6.7,2.7,7.1,0.0,1.5399482490588157,3.7815340802378077,2.588435821108957,1.6431676725154984,1.1044253752367947,2.4272360429169444,1.9219973427746713,0.0
90,12,6.7,0.0,2.2,5.6000000000000005,6.7,26.700000000000003,1.5682823361402,2.588435821108957,1.4832396974191326,2.3664319132398464,1.1880064613519559,0.0,1.885203631020986,5.167204273105526
24,1,0.0,0.0,0.0,8.3,33.300000000000004,0.0,1.3741088103166372,0.0,0.0,2.8809720581775866,1.235685097983129,0.0,3.2172248249150837,0.0
52,7,0.0,0.0,0.0,7.7,0.0,63.6,1.4845688180219065,0.0,0.0,2.7748873851023217,1.2264478112903319,0.0,0.0,7.974960814950754
20,3,0.0,0.0,0.0,0.0,0.0,100.0,1.3492828476735634,0.0,0.0,0.0,0.0,0.0,0.0,10.0
195,37,1.9,1.9,2.6,9.7,11.1,29.6,1.6943513036291473,1.378404875209022,1.61245154965971,3.1144823004794873,1.2550966587609054,1.2385623296301709,2.2306991044756197,5.440588203494177
34,7,14.3,0.0,5.9,0.0,0.0,0.0,1.4228132198218728,3.7815340802378077,2.4289915602982237,0.0,0.0,0.0,0.0,0.0
36,4,0.0,20.0,2.8000000000000003,2.8000000000000003,0.0,0.0,1.4309690811052556,0.0,1.6733200530681511,1.6733200530681511,1.108449222600272,2.7144176165949063,0.0,0.0
63,11,8.3,0.0,7.9,1.6,0.0,0.0,1.5133314405389133,2.8809720581775866,2.8106938645110393,1.2649110640673518,1.0481223894689577,0.0,0.0,0.0
33,5,0.0,0.0,3.0,0.0,0.0,83.3,1.4185720345070807,0.0,1.7320508075688772,0.0,0.0,0.0,0.0,9.126883367283709
11,2,0.0,0.0,0.0,0.0,0.0,100.0,1.2709816152101407,0.0,0.0,0.0,0.0,0.0,0.0,10.0
85,14,0.0,6.7,5.9,1.2,0.0,13.3,1.55934385287342,0.0,2.4289915602982237,1.0954451150103321,1.0183993761470242,1.885203631020986,0.0,3.646916505762094
33,5,0.0,0.0,3.0,3.0,0.0,66.7,1.4185720345070807,0.0,1.7320508075688772,1.7320508075688772,1.1161231740339044,0.0,0.0,8.167006795638168
81,14,0.0,0.0,3.7,6.2,0.0,5.3,1.5518455739153598,0.0,1.9235384061671346,2.4899799195977463,1.2001600575667746,0.0,0.0,2.3021728866442674
14,3,0.0,33.300000000000004,0.0,0.0,0.0,66.7,1.3020054543174677,0.0,0.0,0.0,0.0,3.2172248249150837,0.0,8.167006795638168
14,2,0.0,0.0,0.0,14.3,0.0,66.7,1.3020054543174677,0.0,0.0,3.7815340802378077,1.3047689218633443,0.0,0.0,8.167006795638168
39,7,0.0,25.0,0.0,15.4,16.7,16.7,1.4424689075546286,0.0,0.0,3.924283374069717,1.3144742173266974,2.924017738212866,2.5560665504814426,4.08656334834051
43,5,0.0,0.0,0.0,0.0,0.0,100.0,1.4566219347661553,0.0,0.0,0.0,0.0,0.0,0.0,10.0
11,3,0.0,25.0,0.0,0.0,0.0,75.0,1.2709816152101407,0.0,0.0,0.0,0.0,2.924017738212866,0.0,8.660254037844387
52,9,0.0,0.0,5.800000000000001,1.9,0.0,10.0,1.4845688180219065,0.0,2.4083189157584592,1.378404875209022,1.0662900584785258,0.0,0.0,3.1622776601683795
98,14,17.599999999999998,5.9,3.1,3.1,0.0,0.0,1.5816945113203256,4.195235392680606,1.760681686165901,1.760681686165901,1.1197889288345146,1.8069688693211896,0.0,0.0
83,10,0.0,0.0,0.0,3.6,7.1,71.39999999999999,1.5556353708263266,0.0,0.0,1.8973665961010275,1.1366591441393648,0.0,1.9219973427746713,8.449852069711042
19,4,0.0,0.0,5.3,0.0,0.0,75.0,1.3423796509621049,0.0,2.3021728866442674,0.0,0.0,0.0,0.0,8.660254037844387
43,7,0.0,0.0,4.7,4.7,0.0,20.0,1.4566219347661553,0.0,2.16794833886788,2.16794833886788,1.1673733801794233,0.0,0.0,4.47213595499958
61,7,11.1,0.0,1.6,4.9,0.0,0.0,1.5084571694663824,3.331666249791536,1.2649110640673518,2.2135943621178655,1.1722482903028724,0.0,0.0,0.0
107,1,0.0,0.0,0.0,91.6,0.0,0.0,1.5956527233198223,0.0,0.0,9.57078889120432,1.5710483371059094,0.0,0.0,0.0
35,5,0.0,0.0,2.9000000000000004,0.0,0.0,80.0,1.426943588457651,0.0,1.7029386365926402,0.0,0.0,0.0,0.0,8.94427190999916
45,9,0.0,0.0,0.0,15.6,6.7,53.3,1.4632591596632238,0.0,0.0,3.9496835316262997,1.3161714313804664,0.0,1.885203631020986,7.3006848993775915
67,9,10.0,0.0,1.5,3.0,20.0,40.0,1.5226759218487862,3.1622776601683795,1.224744871391589,1.7320508075688772,1.1161231740339044,0.0,2.7144176165949063,6.324555320336759
41,6,0.0,0.0,4.9,0.0,0.0,50.0,1.4497008237135636,0.0,2.2135943621178655,0.0,0.0,0.0,0.0,7.0710678118654755
12,3,0.0,0.0,0.0,0.0,0.0,100.0,1.2820888539868154,0.0,0.0,0.0,0.0,0.0,0.0,10.0
64,9,0.0,10.0,1.6,1.6,0.0,10.0,1.5157165665103982,0.0,1.2649110640673518,1.2649110640673518,1.0481223894689577,2.154434690031884,0.0,3.1622776601683795
28,5,0.0,16.7,3.6,3.6,0.0,16.7,1.3954548940149718,0.0,1.8973665961010275,1.8973665961010275,1.1366591441393648,2.5560665504814426,0.0,4.08656334834051
34,6,0.0,0.0,0.0,0.0,33.300000000000004,66.7,1.4228132198218728,0.0,0.0,0.0,0.0,0.0,3.2172248249150837,8.167006795638168
24,4,0.0,0.0,0.0,4.2,40.0,40.0,1.3741088103166372,0.0,0.0,2.04939015319192,1.1543165676600577,0.0,3.4199518933533937,6.324555320336759
9,1,0.0,0.0,0.0,0.0,0.0,0.0,1.2457309396155174,0.0,0.0,0.0,0.0,0.0,0.0,0.0
25,4,0.0,0.0,0.0,0.0,0.0,100.0,1.379729661461215,0.0,0.0,0.0,0.0,0.0,0.0,10.0
72,11,0.0,0.0,0.0,1.4,8.3,83.3,1.5336746868385573,0.0,0.0,1.1832159566199232,1.0342196941293802,0.0,2.024693852005457,9.126883367283709
66,11,6.7,0.0,0.0,0.0,13.3,80.0,1.520387861280808,2.588435821108957,0.0,0.0,0.0,0.0,2.369284502156768,8.94427190999916
44,7,0.0,0.0,2.3,9.1,10.0,40.0,1.4599744906233632,0.0,1.51657508881031,3.0166206257996713,1.2471082126890045,0.0,2.154434690031884,6.324555320336759
30,5,0.0,0.0,3.3000000000000003,0.0,0.0,80.0,1.405115826483646,0.0,1.8165902124584952,0.0,0.0,0.0,0.0,8.94427190999916
70,11,30.8,7.7,4.3,2.9000000000000004,0.0,0.0,1.52936027064522,5.549774770204643,2.073644135332772,1.7029386365926402,1.1123457499326046,1.9746808222123668,0.0,0.0
111,17,11.8,5.9,3.6,0.0,0.0,5.9,1.6015197467194875,3.4351128074635335,1.8973665961010275,0.0,0.0,1.8069688693211896,0.0,2.4289915602982237
24,3,0.0,33.300000000000004,0.0,0.0,0.0,66.7,1.3741088103166372,0.0,0.0,0.0,0.0,3.2172248249150837,0.0,8.167006795638168
135,23,15.4,0.0,3.7,2.2,0.0,19.2,1.6331774577175011,3.924283374069717,1.9235384061671346,1.4832396974191326,1.0820373898183429,0.0,0.0,4.381780460041329
107,15,10.5,10.5,2.8000000000000003,4.7,0.0,21.1,1.5956527233198223,3.24037034920393,1.6733200530681511,2.16794833886788,1.1673733801794233,2.1897595699439445,0.0,4.5934736311423405
11,2,0.0,0.0,0.0,0.0,0.0,100.0,1.2709816152101407,0.0,0.0,0.0,0.0,0.0,0.0,10.0
196,30,12.1,6.1,4.1000000000000005,1.5,0.0,9.1,1.6952182030724354,3.478505426185217,2.024845673131659,1.224744871391589,1.0413797439924106,1.8271601368635204,0.0,3.0166206257996713
46,8,11.1,0.0,4.3,2.2,11.1,0.0,1.466478780211681,3.331666249791536,2.073644135332772,1.4832396974191326,1.0820373898183429,0.0,2.2306991044756197,0.0
258,41,8.9,6.7,3.9,1.6,0.0,4.4,1.7424566032984408,2.9832867780352594,1.9748417658131499,1.2649110640673518,1.0481223894689577,1.885203631020986,0.0,2.0976176963403033
30,3,20.0,0.0,0.0,6.7,0.0,20.0,1.405115826483646,4.47213595499958,0.0,2.588435821108957,1.2095044770593142,0.0,0.0,4.47213595499958
95,14,0.0,13.3,5.3,1.1,0.0,20.0,1.5767845668359715,0.0,2.3021728866442674,1.0488088481701516,1.009576582776887,2.369284502156768,0.0,4.47213595499958
87,15,12.5,0.0,5.7,1.1,0.0,6.2,1.5629746177521227,3.5355339059327378,2.3874672772626644,1.0488088481701516,1.009576582776887,0.0,0.0,2.4899799195977463
105,13,0.0,5.3,0.0,5.7,0.0,57.9,1.592644807116683,0.0,0.0,2.3874672772626644,1.19011104450985,1.7435134012651283,0.0,7.60920495189872
26,4,0.0,0.0,0.0,0.0,0.0,75.0,1.3851516854212416,0.0,0.0,0.0,0.0,0.0,0.0,8.660254037844387
52,8,11.1,11.1,1.9,1.9,22.2,0.0,1.4845688180219065,3.331666249791536,1.378404875209022,1.378404875209022,1.0662900584785258,2.2306991044756197,2.810504757710476,0.0
40,7,0.0,9.1,0.0,5.0,18.2,27.3,1.4461255495919247,0.0,0.0,2.23606797749979,1.174618943088019,2.087759478663449,2.6304121142856256,5.224940191045253
81,17,10.5,0.0,7.399999999999999,2.5,0.0,31.6,1.5518455739153598,3.24037034920393,2.7202941017470885,1.5811388300841898,1.0959582263852172,0.0,0.0,5.621387729022079
61,9,20.0,10.0,3.3000000000000003,3.3000000000000003,0.0,20.0,1.5084571694663824,4.47213595499958,1.8165902124584952,1.8165902124584952,1.126811819999242,2.154434690031884,0.0,4.47213595499958
22,3,0.0,0.0,0.0,0.0,0.0,100.0,1.362204366553743,0.0,0.0,0.0,0.0,0.0,0.0,10.0
80,15,6.7,6.7,6.2,0.0,6.7,6.7,1.5499189875483372,2.588435821108957,2.4899799195977463,0.0,0.0,1.885203631020986,1.885203631020986,2.588435821108957
21,4,0.0,0.0,0.0,4.8,40.0,40.0,1.3558821066938467,0.0,0.0,2.1908902300206643,1.1698336881100935,0.0,3.4199518933533937,6.324555320336759
145,19,8.7,30.4,2.8000000000000003,4.8,0.0,4.3,1.6448897722838876,2.949576240750525,1.6733200530681511,2.1908902300206643,1.1698336881100935,3.1209815014157694,0.0,2.073644135332772
39,9,0.0,0.0,2.6,5.1,18.2,54.50000000000001,1.4424689075546286,0.0,1.61245154965971,2.258317958127243,1.1769473018226546,0.0,2.6304121142856256,7.382411530116701
58,10,7.7,0.0,3.4000000000000004,5.2,0.0,0.0,1.50086904106665,2.7748873851023217,1.8439088914585775,2.280350850198276,1.179234928546054,0.0,0.0,0.0
6,1,0.0,0.0,0.0,0.0,0.0,0.0,1.1962311988513155,0.0,0.0,0.0,0.0,0.0,0.0,0.0
61,10,7.1,7.1,1.6,6.6000000000000005,0.0,57.1,1.5084571694663824,2.6645825188948455,1.2649110640673518,2.569046515733026,1.2076870059474099,1.9219973427746713,0.0,7.556454194925025
35,2,0.0,0.0,0.0,0.0,0.0,0.0,1.426943588457651,0.0,0.0,0.0,0.0,0.0,0.0,0.0
36,5,0.0,0.0,2.8000000000000003,0.0,0.0,40.0,1.4309690811052556,0.0,1.6733200530681511,0.0,0.0,0.0,0.0,6.324555320336759
30,1,0.0,0.0,0.0,13.3,0.0,0.0,1.405115826483646,0.0,0.0,3.646916505762094,1.2953441380589512,0.0,0.0,0.0
42,5,0.0,0.0,2.4,0.0,0.0,80.0,1.4531984602822678,0.0,1.5491933384829668,0.0,0.0,0.0,0.0,8.94427190999916
42,4,0.0,8.3,0.0,21.4,8.3,8.3,1.4531984602822678,0.0,0.0,4.626013402488151,1.3584428658411765,2.024693852005457,2.024693852005457,2.8809720581775866
43,8,0.0,0.0,2.3,0.0,25.0,50.0,1.4566219347661553,0.0,1.51657508881031,0.0,0.0,0.0,2.924017738212866,7.0710678118654755
349,59,2.7,8.1,4.3,5.2,2.7,31.1,1.7959016220175443,1.6431676725154984,2.073644135332772,2.280350850198276,1.179234928546054,2.0082988502465087,1.3924766500838337,5.576737397439475
48,9,0.0,8.3,0.0,6.2,0.0,58.3,1.4727333575346888,0.0,0.0,2.4899799195977463,1.2001600575667746,2.024693852005457,0.0,7.635443667528429
36,6,50.0,0.0,2.8000000000000003,0.0,0.0,0.0,1.4309690811052556,7.0710678118654755,1.6733200530681511,0.0,0.0,0.0,0.0,0.0
5,2,0.0,0.0,0.0,0.0,0.0,50.0,1.174618943088019,0.0,0.0,0.0,0.0,0.0,0.0,7.0710678118654755
175,22,7.7,3.8,1.1,2.9000000000000004,0.0,61.5,1.6761149697203512,2.7748873851023217,1.0488088481701516,1.7029386365926402,1.1123457499326046,1.5604907507078847,0.0,7.842193570679061
710,112,13.0,11.4,4.8,1.7999999999999998,1.6,13.0,1.9280834857791596,3.605551275463989,2.1908902300206643,1.3416407864998738,1.0605404816140187,2.250617114677132,1.1696070952851465,3.605551275463989
60,12,0.0,0.0,0.0,13.3,5.3,52.6,1.5059658546149226,0.0,0.0,3.646916505762094,1.2953441380589512,0.0,1.7435134012651283,7.252585745787498
20,3,0.0,0.0,0.0,5.0,0.0,75.0,1.3492828476735634,0.0,0.0,2.23606797749979,1.174618943088019,0.0,0.0,8.660254037844387
31,4,0.0,0.0,0.0,0.0,0.0,75.0,1.4097307383555406,0.0,0.0,0.0,0.0,0.0,0.0,8.660254037844387
19,2,0.0,0.0,0.0,0.0,0.0,100.0,1.3423796509621049,0.0,0.0,0.0,0.0,0.0,0.0,10.0
120,16,5.6000000000000005,16.7,4.2,3.3000000000000003,0.0,11.1,1.6140542384620635,2.3664319132398464,2.04939015319192,1.8165902124584952,1.126811819999242,2.5560665504814426,0.0,3.331666249791536
19,2,0.0,50.0,0.0,0.0,0.0,0.0,1.3423796509621049,0.0,0.0,0.0,0.0,3.6840314986403864,0.0,0.0
5,1,0.0,0.0,0.0,0.0,0.0,0.0,1.174618943088019,0.0,0.0,0.0,0.0,0.0,0.0,0.0
10,2,0.0,0.0,0.0,0.0,0.0,100.0,1.2589254117941673,0.0,0.0,0.0,0.0,0.0,0.0,10.0
78,16,12.5,12.5,7.7,2.6,6.2,0.0,1.5459998956507686,3.5355339059327378,2.7748873851023217,1.61245154965971,1.100265093106018,2.320794416806389,1.8370905500142276,0.0
22,3,0.0,0.0,0.0,4.5,0.0,50.0,1.362204366553743,0.0,0.0,2.1213203435596424,1.1623080652394242,0.0,0.0,7.0710678118654755
9,2,0.0,0.0,0.0,0.0,66.7,0.0,1.2457309396155174,0.0,0.0,0.0,0.0,0.0,4.055477018001903,0.0
89,1,0.0,0.0,0.0,100.0,0.0,0.0,1.5665310257218434,0.0,0.0,10.0,1.5848931924611136,0.0,0.0,0.0
12,2,0.0,0.0,0.0,0.0,0.0,100.0,1.2820888539868154,0.0,0.0,0.0,0.0,0.0,0.0,10.0
58,11,8.3,8.3,5.2,1.7000000000000002,0.0,8.3,1.50086904106665,2.8809720581775866,2.280350850198276,1.3038404810405297,1.0544958918547662,2.024693852005457,0.0,2.8809720581775866
62,12,7.1,0.0,4.8,4.8,14.3,0.0,1.510911994691163,2.6645825188948455,2.1908902300206643,2.1908902300206643,1.1698336881100935,0.0,2.4272360429169444,0.0
107,22,7.7,3.8,4.7,3.7,11.5,26.9,1.5956527233198223,2.7748873851023217,2.16794833886788,1.9235384061671346,1.1397777439653138,1.5604907507078847,2.2571787177370006,5.186520991955976
12,2,0.0,0.0,0.0,0.0,0.0,50.0,1.2820888539868154,0.0,0.0,0.0,0.0,0.0,0.0,7.0710678118654755
96,12,7.1,28.6,3.1,3.1,0.0,0.0,1.578436529997654,2.6645825188948455,1.760681686165901,1.760681686165901,1.1197889288345146,3.058125783534594,0.0,0.0
9,1,0.0,0.0,0.0,0.0,0.0,0.0,1.2457309396155174,0.0,0.0,0.0,0.0,0.0,0.0,0.0
108,20,3.8,0.0,2.8000000000000003,4.6,3.8,57.7,1.5971377527475774,1.9493588689617927,1.6733200530681511,2.1447610589527217,1.1648655007461621,0.0,1.5604907507078847,7.5960516059331775
35,7,0.0,0.0,5.7,2.9000000000000004,0.0,12.5,1.426943588457651,0.0,2.3874672772626644,1.7029386365926402,1.1123457499326046,0.0,0.0,3.5355339059327378
20,2,0.0,0.0,0.0,0.0,0.0,100.0,1.3492828476735634,0.0,0.0,0.0,0.0,0.0,0.0,10.0
60,11,9.1,0.0,8.3,0.0,0.0,0.0,1.5059658546149226,3.0166206257996713,2.8809720581775866,0.0,0.0,0.0,0.0,0.0
10,1,0.0,0.0,0.0,0.0,0.0,0.0,1.2589254117941673,0.0,0.0,0.0,0.0,0.0,0.0,0.0
124,19,13.0,8.7,1.6,5.6000000000000005,4.3,39.1,1.6193553801377651,3.605551275463989,1.2649110640673518,2.3664319132398464,1.1880064613519559,2.0567101162059633,1.6261333316791686,6.252999280345393
73,10,18.2,18.2,1.4,1.4,0.0,18.2,1.5357915933617867,4.266145801540309,1.1832159566199232,1.1832159566199232,1.0342196941293802,2.6304121142856256,0.0,4.266145801540309
13,3,0.0,25.0,0.0,0.0,25.0,50.0,1.2923922207808318,0.0,0.0,0.0,0.0,2.924017738212866,2.924017738212866,7.0710678118654755
18,1,0.0,0.0,0.0,11.1,33.300000000000004,0.0,1.335141362540313,0.0,0.0,3.331666249791536,1.2721323532877689,0.0,3.2172248249150837,0.0
22,3,0.0,0.0,0.0,0.0,0.0,100.0,1.362204366553743,0.0,0.0,0.0,0.0,0.0,0.0,10.0
67,9,0.0,13.3,1.5,9.0,0.0,0.0,1.5226759218487862,0.0,1.224744871391589,3.0,1.2457309396155174,2.369284502156768,0.0,0.0
57,7,0.0,7.7,0.0,10.5,23.1,30.8,1.4982610367903493,0.0,0.0,3.24037034920393,1.2650827381797884,1.9746808222123668,2.8479825673300656,5.549774770204643
16,2,0.0,33.300000000000004,0.0,6.2,0.0,0.0,1.3195079107728942,0.0,0.0,2.4899799195977463,1.2001600575667746,3.2172248249150837,0.0,0.0
20,4,0.0,0.0,0.0,5.0,40.0,40.0,1.3492828476735634,0.0,0.0,2.23606797749979,1.174618943088019,0.0,3.4199518933533937,6.324555320336759
97,17,9.1,0.0,4.1000000000000005,5.2,13.6,0.0,1.580073077972056,3.0166206257996713,2.024845673131659,2.280350850198276,1.179234928546054,0.0,2.386966383854674,0.0
144,24,15.4,3.8,4.9,1.4,0.0,3.8,1.6437518295172258,3.924283374069717,2.2135943621178655,1.1832159566199232,1.0342196941293802,1.5604907507078847,0.0,1.9493588689617927
31,5,0.0,0.0,0.0,3.2,20.0,80.0,1.4097307383555406,0.0,0.0,1.7888543819998317,1.1233497625229583,0.0,2.7144176165949063,8.94427190999916
9,1,0.0,0.0,0.0,0.0,0.0,0.0,1.2457309396155174,0.0,0.0,0.0,0.0,0.0,0.0,0.0
53,6,12.5,0.0,0.0,1.9,0.0,50.0,1.487399348620308,3.5355339059327378,0.0,1.378404875209022,1.0662900584785258,0.0,0.0,7.0710678118654755
67,12,8.3,0.0,4.5,0.0,0.0,16.7,1.5226759218487862,2.8809720581775866,2.1213203435596424,0.0,0.0,0.0,0.0,4.08656334834051
9,2,0.0,0.0,11.1,11.1,0.0,0.0,1.2457309396155174,0.0,3.331666249791536,3.331666249791536,1.2721323532877689,0.0,0.0,0.0
12,2,0.0,0.0,0.0,8.3,0.0,0.0,1.2820888539868154,0.0,0.0,2.8809720581775866,1.235685097983129,0.0,0.0,0.0
7,2,0.0,0.0,0.0,0.0,0.0,50.0,1.214814044039067,0.0,0.0,0.0,0.0,0.0,0.0,7.0710678118654755
9,1,0.0,0.0,0.0,0.0,0.0,0.0,1.2457309396155174,0.0,0.0,0.0,0.0,0.0,0.0,0.0
52,7,0.0,12.5,1.9,1.9,0.0,12.5,1.4845688180219065,0.0,1.378404875209022,1.378404875209022,1.0662900584785258,2.320794416806389,0.0,3.5355339059327378
17,3,0.0,25.0,5.9,5.9,0.0,0.0,1.3275316748885193,0.0,2.4289915602982237,2.4289915602982237,1.1942223675281953,2.924017738212866,0.0,0.0
75,13,7.1,21.4,4.0,1.3,0.0,7.1,1.5399482490588157,2.6645825188948455,2.0,1.140175425099138,1.026583631304232,2.776331098545561,0.0,2.6645825188948455
15,3,0.0,25.0,0.0,0.0,0.0,25.0,1.31101942303975,0.0,0.0,0.0,0.0,2.924017738212866,0.0,5.0
107,2,0.0,0.0,0.0,79.4,0.0,100.0,1.5956527233198223,0.0,0.0,8.910667763978186,1.5487526063379584,0.0,0.0,10.0
21,4,0.0,0.0,0.0,0.0,0.0,75.0,1.3558821066938467,0.0,0.0,0.0,0.0,0.0,0.0,8.660254037844387
105,15,11.1,5.6000000000000005,1.9,2.9000000000000004,0.0,0.0,1.592644807116683,3.331666249791536,1.378404875209022,1.7029386365926402,1.1123457499326046,1.7758080034852015,0.0,0.0
17,2,0.0,0.0,0.0,0.0,0.0,50.0,1.3275316748885193,0.0,0.0,0.0,0.0,0.0,0.0,7.0710678118654755
17,3,0.0,0.0,0.0,0.0,0.0,66.7,1.3275316748885193,0.0,0.0,0.0,0.0,0.0,0.0,8.167006795638168
72,12,6.7,6.7,5.6000000000000005,4.2,0.0,0.0,1.5336746868385573,2.588435821108957,2.3664319132398464,2.04939015319192,1.1543165676600577,1.885203631020986,0.0,0.0
7,2,0.0,0.0,0.0,0.0,0.0,0.0,1.214814044039067,0.0,0.0,0.0,0.0,0.0,0.0,0.0
50,9,0.0,10.0,4.0,4.0,0.0,20.0,1.4787576366283137,0.0,2.0,2.0,1.148698354997035,2.154434690031884,0.0,4.47213595499958
61,8,0.0,12.5,3.3000000000000003,1.6,0.0,0.0,1.5084571694663824,0.0,1.8165902124584952,1.2649110640673518,1.0481223894689577,2.320794416806389,0.0,0.0
23,4,0.0,0.0,0.0,4.3,40.0,40.0,1.368273083326153,0.0,0.0,2.073644135332772,1.1570359301034678,0.0,3.4199518933533937,6.324555320336759
82,13,6.2,6.2,3.7,3.7,0.0,6.2,1.5537508714732025,2.4899799195977463,1.9235384061671346,1.9235384061671346,1.1397777439653138,1.8370905500142276,0.0,2.4899799195977463
95,20,8.7,4.3,9.5,2.1,8.7,4.3,1.5767845668359715,2.949576240750525,3.082207001484488,1.449137674618944,1.0770154403043632,1.6261333316791686,2.0567101162059633,2.073644135332772
24,6,16.7,0.0,8.3,0.0,0.0,16.7,1.3741088103166372,4.08656334834051,2.8809720581775866,0.0,0.0,0.0,0.0,4.08656334834051
699,96,5.3,4.6,2.4,5.2,1.5,25.2,1.9250752814529815,2.3021728866442674,1.5491933384829668,2.280350850198276,1.179234928546054,1.6631034988407656,1.1447142425533319,5.019960159204453
146,25,14.8,14.8,3.4000000000000004,1.4,0.0,0.0,1.6460206737514929,3.847076812334269,1.8439088914585775,1.1832159566199232,1.0342196941293802,2.455202052384297,0.0,0.0
109,18,22.2,0.0,5.5,0.0,0.0,0.0,1.5986104580964025,4.711687595755898,2.345207879911715,0.0,0.0,0.0,0.0,0.0
21,3,0.0,0.0,0.0,4.8,0.0,80.0,1.3558821066938467,0.0,0.0,2.1908902300206643,1.1698336881100935,0.0,0.0,8.94427190999916
18,5,0.0,0.0,0.0,16.7,37.5,0.0,1.335141362540313,0.0,0.0,4.08656334834051,1.3251701574928543,0.0,3.3471647504108475,0.0
21,1,0.0,0.0,0.0,9.5,0.0,33.300000000000004,1.3558821066938467,0.0,0.0,3.082207001484488,1.252484501515308,0.0,0.0,5.770615218501404
41,9,9.1,9.1,4.9,4.9,0.0,9.1,1.4497008237135636,3.0166206257996713,2.2135943621178655,2.2135943621178655,1.1722482903028724,2.087759478663449,0.0,3.0166206257996713
28,4,0.0,0.0,0.0,3.6,0.0,60.0,1.3954548940149718,0.0,0.0,1.8973665961010275,1.1366591441393648,0.0,0.0,7.745966692414834
28,3,0.0,33.300000000000004,0.0,0.0,0.0,66.7,1.3954548940149718,0.0,0.0,0.0,0.0,3.2172248249150837,0.0,8.167006795638168
230,28,5.0,5.0,0.8999999999999999,5.7,2.5,15.0,1.722553754873252,2.23606797749979,0.9486832980505138,2.3874672772626644,1.19011104450985,1.7099759466766968,1.3572088082974532,3.872983346207417
108,17,15.0,5.0,4.6,2.8000000000000003,0.0,10.0,1.5971377527475774,3.872983346207417,2.1447610589527217,1.6733200530681511,1.108449222600272,1.7099759466766968,0.0,3.1622776601683795
75,14,20.0,0.0,9.3,1.3,0.0,0.0,1.5399482490588157,4.47213595499958,3.0495901363953815,1.140175425099138,1.026583631304232,0.0,0.0,0.0
45,6,0.0,0.0,2.2,13.3,0.0,27.3,1.4632591596632238,0.0,1.4832396974191326,3.646916505762094,1.2953441380589512,0.0,0.0,5.224940191045253
23,3,0.0,33.300000000000004,0.0,0.0,0.0,66.7,1.368273083326153,0.0,0.0,0.0,0.0,3.2172248249150837,0.0,8.167006795638168
111,13,0.0,0.0,0.8999999999999999,1.7999999999999998,13.3,66.7,1.6015197467194875,0.0,0.9486832980505138,1.3416407864998738,1.0605404816140187,0.0,2.369284502156768,8.167006795638168
153,21,0.0,16.7,0.7000000000000001,2.6,0.0,12.5,1.6537472807282365,0.0,0.8366600265340756,1.61245154965971,1.100265093106018,2.5560665504814426,0.0,3.5355339059327378
27,5,0.0,0.0,0.0,0.0,20.0,80.0,1.3903891703159095,0.0,0.0,0.0,0.0,0.0,2.7144176165949063,8.94427190999916
16,2,0.0,0.0,0.0,0.0,0.0,100.0,1.3195079107728942,0.0,0.0,0.0,0.0,0.0,0.0,10.0
34,5,0.0,0.0,2.9000000000000004,2.9000000000000004,0.0,80.0,1.4228132198218728,0.0,1.7029386365926402,1.7029386365926402,1.1123457499326046,0.0,0.0,8.94427190999916
24,3,0.0,66.7,0.0,0.0,0.0,0.0,1.3741088103166372,0.0,0.0,0.0,0.0,4.055477018001903,0.0,0.0
22,3,0.0,33.300000000000004,0.0,0.0,0.0,66.7,1.362204366553743,0.0,0.0,0.0,0.0,3.2172248249150837,0.0,8.167006795638168
155,24,7.399999999999999,7.399999999999999,3.9,1.9,0.0,3.7,1.6558964299258778,2.7202941017470885,1.9748417658131499,1.378404875209022,1.0662900584785258,1.9486951603746576,0.0,1.9235384061671346
14,1,0.0,0.0,0.0,0.0,0.0,0.0,1.3020054543174677,0.0,0.0,0.0,0.0,0.0,0.0,0.0
31,5,0.0,0.0,0.0,3.2,14.3,57.1,1.4097307383555406,0.0,0.0,1.7888543819998317,1.1233497625229583,0.0,2.4272360429169444,7.556454194925025
127,17,0.0,8.3,0.0,7.9,4.2,41.7,1.623231164304889,0.0,0.0,2.8106938645110393,1.2295967571864037,2.024693852005457,1.6134286460245437,6.457553716385176
9,2,0.0,0.0,0.0,0.0,66.7,0.0,1.2457309396155174,0.0,0.0,0.0,0.0,0.0,4.055477018001903,0.0
9,1,0.0,0.0,0.0,0.0,0.0,0.0,1.2457309396155174,0.0,0.0,0.0,0.0,0.0,0.0,0.0
285,50,13.0,11.1,5.3,1.7999999999999998,3.7,3.7,1.7598857955046396,3.605551275463989,2.3021728866442674,1.3416407864998738,1.0605404816140187,2.2306991044756197,1.5466803737720354,1.9235384061671346
23,5,0.0,0.0,0.0,13.0,22.2,11.1,1.368273083326153,0.0,0.0,3.605551275463989,1.2923922207808318,0.0,2.810504757710476,3.331666249791536
111,16,20.0,5.0,1.7999999999999998,3.6,0.0,10.0,1.6015197467194875,4.47213595499958,1.3416407864998738,1.8973665961010275,1.1366591441393648,1.7099759466766968,0.0,3.1622776601683795
24,5,0.0,0.0,8.3,0.0,0.0,16.7,1.3741088103166372,0.0,2.8809720581775866,0.0,0.0,0.0,0.0,4.08656334834051
53,8,12.5,0.0,1.9,0.0,0.0,37.5,1.487399348620308,3.5355339059327378,1.378404875209022,0.0,0.0,0.0,0.0,6.123724356957945
9,1,0.0,0.0,0.0,0.0,0.0,0.0,1.2457309396155174,0.0,0.0,0.0,0.0,0.0,0.0,0.0
110,14,0.0,5.9,1.7999999999999998,2.7,0.0,41.2,1.600071053311242,0.0,1.3416407864998738,1.6431676725154984,1.1044253752367947,1.8069688693211896,0.0,6.418722614352485
42,6,0.0,0.0,0.0,4.8,11.1,55.60000000000001,1.4531984602822678,0.0,0.0,2.1908902300206643,1.1698336881100935,0.0,2.2306991044756197,7.4565407529229
35,8,0.0,0.0,0.0,5.7,22.2,55.60000000000001,1.426943588457651,0.0,0.0,2.3874672772626644,1.19011104450985,0.0,2.810504757710476,7.4565407529229
20,2,0.0,0.0,0.0,5.0,0.0,66.7,1.3492828476735634,0.0,0.0,2.23606797749979,1.174618943088019,0.0,0.0,8.167006795638168
9,1,0.0,0.0,0.0,0.0,0.0,0.0,1.2457309396155174,0.0,0.0,0.0,0.0,0.0,0.0,0.0
18,2,0.0,0.0,0.0,5.6000000000000005,0.0,50.0,1.335141362540313,0.0,0.0,2.3664319132398464,1.1880064613519559,0.0,0.0,7.0710678118654755
45,6,0.0,0.0,0.0,11.1,0.0,45.5,1.4632591596632238,0.0,0.0,3.331666249791536,1.2721323532877689,0.0,0.0,6.745368781616021
7,2,0.0,0.0,0.0,0.0,0.0,50.0,1.214814044039067,0.0,0.0,0.0,0.0,0.0,0.0,7.0710678118654755
40,8,0.0,0.0,0.0,5.0,18.2,45.5,1.4461255495919247,0.0,0.0,2.23606797749979,1.174618943088019,0.0,2.6304121142856256,6.745368781616021
15,3,0.0,0.0,0.0,6.7,0.0,25.0,1.31101942303975,0.0,0.0,2.588435821108957,1.2095044770593142,0.0,0.0,5.0
90,18,5.0,0.0,4.4,3.3000000000000003,5.0,35.0,1.5682823361402,2.23606797749979,2.0976176963403033,1.8165902124584952,1.126811819999242,0.0,1.7099759466766968,5.916079783099616
78,12,0.0,7.1,2.6,2.6,14.3,0.0,1.5459998956507686,0.0,1.61245154965971,1.61245154965971,1.100265093106018,1.9219973427746713,2.4272360429169444,0.0
160,23,17.4,0.0,5.6000000000000005,1.9,0.0,17.4,1.6611620399354272,4.171330722922842,2.3664319132398464,1.378404875209022,1.0662900584785258,0.0,0.0,4.171330722922842
13,3,0.0,0.0,0.0,0.0,0.0,66.7,1.2923922207808318,0.0,0.0,0.0,0.0,0.0,0.0,8.167006795638168
32,7,0.0,0.0,6.2,0.0,0.0,14.3,1.4142135623730951,0.0,2.4899799195977463,0.0,0.0,0.0,0.0,3.7815340802378077
427,62,7.1,8.6,2.6,3.0,2.9000000000000004,32.9,1.8324949542991802,2.6645825188948455,1.61245154965971,1.7320508075688772,1.1161231740339044,2.0487996145182663,1.4260431471424087,5.735852159879995
75,16,16.7,5.6000000000000005,9.3,1.3,0.0,5.6000000000000005,1.5399482490588157,4.08656334834051,3.0495901363953815,1.140175425099138,1.026583631304232,1.7758080034852015,0.0,2.3664319132398464
126,23,20.0,8.0,4.8,1.6,0.0,12.0,1.6219484779914277,4.47213595499958,2.1908902300206643,1.2649110640673518,1.0481223894689577,2.0,0.0,3.4641016151377544
22,2,0.0,0.0,0.0,0.0,0.0,100.0,1.362204366553743,0.0,0.0,0.0,0.0,0.0,0.0,10.0
94,15,6.2,18.8,3.2,3.2,6.2,0.0,1.5751168787068055,2.4899799195977463,1.7888543819998317,1.7888543819998317,1.1233497625229583,2.6590057904691733,1.8370905500142276,0.0
19,3,0.0,0.0,0.0,5.3,0.0,75.0,1.3423796509621049,0.0,0.0,2.3021728866442674,1.1814832989196156,0.0,0.0,8.660254037844387
28,4,0.0,16.7,0.0,7.1,33.300000000000004,0.0,1.3954548940149718,0.0,0.0,2.6645825188948455,1.216538436123333,2.5560665504814426,3.2172248249150837,0.0
15,3,0.0,0.0,0.0,6.7,25.0,50.0,1.31101942303975,0.0,0.0,2.588435821108957,1.2095044770593142,0.0,2.924017738212866,7.0710678118654755
